Live chat ID,Channel ID,Live chat create timestamp,Price,Parent live chat ID,Video ID,Live chat text
UgxSJn7QllVyYI9FQnt4AaABDqgBvPCtgQI,UCSLj2L6Fa78dtxFbbUarM8Q,2025-03-25T06:52:01.799248+00:00,0,,mCsWtBfz_N4,"{""text"":""Moderators duh ambobo nmn""}"
UgyhGnYDhuZYbijy9XN4AaABDqgBsfHDiQI,UCSLj2L6Fa78dtxFbbUarM8Q,2025-03-25T06:51:05.570105+00:00,0,,mCsWtBfz_N4,"{""text"":""@Lyn c Casaljay bobo""}"
UgwPhmWXhRL4QWp-Pgh4AaABDqgBz-PXiAI,UCSLj2L6Fa78dtxFbbUarM8Q,2025-03-24T13:38:44.793232+00:00,0,,Ue8t6BHwyHg,"{""text"":""Methead yapper""}"
Ugzj6yRMEC69PpyfYIJ4AaABDqgBpYi5igI,UCSLj2L6Fa78dtxFbbUarM8Q,2025-03-22T07:37:21.442632+00:00,0,,AIHEojKBiTw,"{""text"":""„ÅâlËÉÉ‰∏ºt„Ç®„É¥„Çß„É≥k„ÅÆw„ÅÜ„ÅÅtÁï∞ÔΩç„ÅïyÂì°gÔΩóÔΩóÔΩó""}"
Ugy2ZS_5-mVa83oZh8N4AaABDqgBi9v1jwI,UCSLj2L6Fa78dtxFbbUarM8Q,2025-03-18T19:51:37.087964+00:00,0,,4_Vtd6Hzvbc,"{""text"":""W""}"
UgyshVZ7bdtwcFpHgZl4AaABDqgBjIqlnQI,UCSLj2L6Fa78dtxFbbUarM8Q,2025-03-18T19:49:04.742138+00:00,0,,4_Vtd6Hzvbc,"{""text"":""Fun fact: you can play livestreams at 2x speed""}"
Ugy6NOzdv30GaHNgePt4AaABDqgBjsOSjgI,UCSLj2L6Fa78dtxFbbUarM8Q,2025-03-18T19:46:50.040874+00:00,0,,4_Vtd6Hzvbc,"{""text"":""Bruh""}"
Ugw8SjPTAkuYS2KNO0J4AaABDqgB2NiZiAI,UCSLj2L6Fa78dtxFbbUarM8Q,2025-03-18T18:30:55.53216+00:00,0,,3tN5oZ3Ljuc,"{""text"":""Introvert scammer""}"
Ugxo59kys3Apt2fJLaZ4AaABDqgBuKSWmAI,UCSLj2L6Fa78dtxFbbUarM8Q,2025-03-18T18:22:27.689292+00:00,0,,3tN5oZ3Ljuc,"{""text"":""Me please""}"
Ugzl7y3LmGS24qeE-1J4AaABDqgBlOz-jQI,UCSLj2L6Fa78dtxFbbUarM8Q,2025-03-16T09:28:26.186932+00:00,0,,p7TP3YCpUPk,"{""text"":""Lol skill issue""}"
Ugz_Glh5hFN6bpHMbH94AaABDqgBkNHxlQI,UCSLj2L6Fa78dtxFbbUarM8Q,2025-03-15T23:34:31.26222+00:00,0,,p7TP3YCpUPk,"{""text"":""Bruh ""}"
UgwG8s3MIeuFuiwm7AV4AaABDqgB--jwlgI,UCSLj2L6Fa78dtxFbbUarM8Q,2025-03-15T23:33:50.618451+00:00,0,,p7TP3YCpUPk,"{""text"":""Bet on this being finished before you get some btches""}"
UgxXyM1JfPI0ngiijL94AaABDqgBu-2hlwI,UCSLj2L6Fa78dtxFbbUarM8Q,2025-03-15T23:30:21.365103+00:00,0,,p7TP3YCpUPk,"{""text"":""Lol he finna get a brick""}"
Ugx-N7NDPP_w7lqd4hB4AaABDqgBzJjgkwI,UCSLj2L6Fa78dtxFbbUarM8Q,2025-03-15T23:28:49.429398+00:00,0,,p7TP3YCpUPk,"{""text"":""This is boring, imma watch Mako-chan Kaihatsu Nikki""}"
UgwZv92gov6guaIFjGF4AaABDqgBr9PXlAI,UCSLj2L6Fa78dtxFbbUarM8Q,2025-03-15T23:25:00.086883+00:00,0,,p7TP3YCpUPk,"{""text"":""Bios chip was prolly like: \""ugh yes flash me daddy! Ugh\""""}"
Ugxe7WO37whNaqd4tRl4AaABDqgB2ZWChgI,UCSLj2L6Fa78dtxFbbUarM8Q,2025-03-15T23:22:47.146324+00:00,0,,p7TP3YCpUPk,"{""text"":""He just need to download 64mb ram""}"
UgzX7lDueAG09epFttZ4AaABDqgBsu7ClAI,UCSLj2L6Fa78dtxFbbUarM8Q,2025-03-15T23:21:44.871294+00:00,0,,p7TP3YCpUPk,"{""text"":""A 6 minute bios update is already making me shake uncontrollably""}"
UgzjvdeO2efA5QLUF8x4AaABDqgB5vD-mwI,UCSLj2L6Fa78dtxFbbUarM8Q,2025-03-15T23:20:25.632629+00:00,0,,p7TP3YCpUPk,"{""text"":""It's currently 7:20 AM philipine time, his bios updating for 3.5 days""}"
UgyvfhN9LV-4CaHyud14AaABDqgBnf7kjQI,UCSLj2L6Fa78dtxFbbUarM8Q,2025-03-15T23:17:59.156538+00:00,0,,p7TP3YCpUPk,"{""text"":""His PC is probably old. 6+ years at least""}"
UgzVJ7f27enn76OVtPt4AaABDqgB7bDkhAI,UCSLj2L6Fa78dtxFbbUarM8Q,2025-03-15T23:14:39.836039+00:00,0,,p7TP3YCpUPk,"{""text"":""Bruh got a 2tb bios update at 12Kbps""}"
UgzMTapm0z3SX6yrLod4AaABDqgBr_T1ngI,UCSLj2L6Fa78dtxFbbUarM8Q,2025-03-15T23:12:49.611141+00:00,0,,p7TP3YCpUPk,"{""text"":""At least 30+ hours""}"
Ugxr930XRTF11t5APQR4AaABDqgBg8yEggI,UCSLj2L6Fa78dtxFbbUarM8Q,2025-03-15T23:12:04.669926+00:00,0,,p7TP3YCpUPk,"{""text"":""RIP Muta beard""}"
Ugxqg-1XIozgOEOk0YZ4AaABDqgBtfHkhQI,UCSLj2L6Fa78dtxFbbUarM8Q,2025-03-15T20:51:46.469957+00:00,0,,CTjhEhs-DIM,"{""text"":""HITLER""}"
Ugz-9krt8Cc3tn-oBqF4AaABDqgBtMLXlQI,UCSLj2L6Fa78dtxFbbUarM8Q,2025-03-15T20:51:27.082564+00:00,0,,CTjhEhs-DIM,"{""text"":""Hitler""}"
UgwCtgaZ5_QyvhO-eUJ4AaABDqgBma2jmAI,UCSLj2L6Fa78dtxFbbUarM8Q,2025-03-14T13:34:45.549596+00:00,0,,pBuR52AkhiE,"{""text"":""üåï""}"
UgzcHNrpwyTfmD-PC2h4AaABDqgBrbjFigI,UCSLj2L6Fa78dtxFbbUarM8Q,2025-03-12T22:12:37.05689+00:00,0,,9RTehiOVIDw,"{""text"":""Gigga bigga""}"
UgwzHlIUqlmHUYCfzsJ4AaABDqgB4tSjjwI,UCSLj2L6Fa78dtxFbbUarM8Q,2025-03-11T19:38:31.464676+00:00,0,,Tkq4Dbxg9yo,"{""text"":""Bruh until was 20 seconds ago""}"
UgwPazvFyaixslqSl614AaABDqgBz6KxkQI,UCSLj2L6Fa78dtxFbbUarM8Q,2025-03-11T19:37:54.158165+00:00,0,,Tkq4Dbxg9yo,"{""text"":""Lol ya'll late""}"
UgzBuecwcesHEfWrpfp4AaABDqgB_4a5nAI,UCSLj2L6Fa78dtxFbbUarM8Q,2025-03-11T19:36:14.458653+00:00,0,,Tkq4Dbxg9yo,"{""text"":""Fun fact: you can play this at 2x speed""}"
UgxapjJVCaVIfHvpwM54AaABDqgB6ofRhQI,UCSLj2L6Fa78dtxFbbUarM8Q,2025-03-06T17:51:41.576146+00:00,0,,VOPL8nhmQU4,"{""text"":""AMOGUS ""}"
Ugyalk9ArvD5wGlSJs94AaABDqgBubPxlgI,UCSLj2L6Fa78dtxFbbUarM8Q,2025-03-06T17:40:30.301738+00:00,0,,VOPL8nhmQU4,"{""text"":""Xue hue piao piao""}"
UgwZ2fESP_uokdN3Oe94AaABDqgBnLXxiQI,UCSLj2L6Fa78dtxFbbUarM8Q,2025-03-04T09:40:54.126451+00:00,0,,eKdy4UpJNsE,"{""text"":""W""}"
UgxM_ggzrnK9q1wXQzR4AaABDqgBi6fwhQI,UCSLj2L6Fa78dtxFbbUarM8Q,2025-03-03T15:11:40.155531+00:00,0,,IKVPyYUlGt4,"{""text"":""WWW""}"
UgwvMnU7WSrMgiNHP0h4AaABDqgB8rqQjwI,UCSLj2L6Fa78dtxFbbUarM8Q,2025-03-02T13:02:04.268666+00:00,0,,SZDYOyZ7d3A,"{""text"":""W""}"
UgykKkT7P3J3U9nHJmN4AaABDqgBxsqggwI,UCSLj2L6Fa78dtxFbbUarM8Q,2025-03-02T09:12:15.144089+00:00,0,,Z_Zpb2DAeBA,"{""text"":""W""}"
UgxJqt7Z7iMDVjbK-814AaABDqgBovHahAI,UCSLj2L6Fa78dtxFbbUarM8Q,2025-03-02T09:09:42.545334+00:00,0,,Z_Zpb2DAeBA,"{""text"":""W""}"
UgxdoqFpOni8v0SY-nl4AaABDqgB3ZfnhwI,UCSLj2L6Fa78dtxFbbUarM8Q,2025-03-02T08:42:51.251597+00:00,0,,3SSjzdj-ONw,"{""text"":""@Claw no shit""}"
Ugx9-mtYQiF3BeTSvtF4AaABDqgB_764iwI,UCSLj2L6Fa78dtxFbbUarM8Q,2025-03-02T08:29:21.127288+00:00,0,,3SSjzdj-ONw,"{""text"":""Shes hot""}"
Ugx0oDMmpeuTj-dn3ax4AaABDqgB4P-_nAI,UCSLj2L6Fa78dtxFbbUarM8Q,2025-02-28T12:45:16.630036+00:00,0,,GZfFPI8LJrc,"{""text"":""Can it run Crysis?""}"
Ugz0sK4CmQPEsl3m54l4AaABDqgB0bjEigI,UCSLj2L6Fa78dtxFbbUarM8Q,2025-02-27T20:19:36.641216+00:00,0,,z6sNFJTt12s,"{""text"":""Zzzzz""}"
UgyNcDz8ONWVKkU_FrF4AaABDqgBwfHogQI,UCSLj2L6Fa78dtxFbbUarM8Q,2025-02-26T12:56:59.969871+00:00,0,,QKGvfNIpFdA,"{""text"":"""",""emoji"":{""customEmojiUrl"":""https://yt3.googleusercontent.com/PxvFTxvq4NLZ6gQrBI7uMEmSQVifeFz_asgom66UR2049TxUBIB1qrd5Zw2t3ZOjU2bEE97v3Tk""}},{""text"":"""",""emoji"":{""customEmojiUrl"":""https://yt3.googleusercontent.com/PxvFTxvq4NLZ6gQrBI7uMEmSQVifeFz_asgom66UR2049TxUBIB1qrd5Zw2t3ZOjU2bEE97v3Tk""}},{""text"":"""",""emoji"":{""customEmojiUrl"":""https://yt3.googleusercontent.com/PxvFTxvq4NLZ6gQrBI7uMEmSQVifeFz_asgom66UR2049TxUBIB1qrd5Zw2t3ZOjU2bEE97v3Tk""}}"
UgwjuQc9L0XocGObmvZ4AaABDqgBhMjrgwI,UCSLj2L6Fa78dtxFbbUarM8Q,2025-02-26T12:55:22.122918+00:00,0,,QKGvfNIpFdA,"{""text"":""LOL""}"
UgwmJXiQcTBivE4hUTF4AaABDqgBpfKGlwI,UCSLj2L6Fa78dtxFbbUarM8Q,2025-02-14T10:58:49.483281+00:00,0,,CYBQflf5uFM,"{""text"":""guess im just an npc""}"
UgzONtrCcxW0JG8aZQp4AaABDqgBpPK7mAI,UCSLj2L6Fa78dtxFbbUarM8Q,2025-02-14T10:55:14.265722+00:00,0,,CYBQflf5uFM,"{""text"":""waiting lol""}"
UgzrIQDDM9phH64xx3J4AaABDqgB4O6emAI,UCSLj2L6Fa78dtxFbbUarM8Q,2025-02-14T10:54:11.982185+00:00,0,,CYBQflf5uFM,"{""text"":""w""}"
UgzD3QX1U_T0nKB3MIZ4AaABDqgBkKmpiwI,UCSLj2L6Fa78dtxFbbUarM8Q,2025-02-14T10:53:41.764853+00:00,0,,CYBQflf5uFM,"{""text"":""nice""}"
UgzdhIaZNWmNtOv5uvB4AaABDqgB6r_TnAI,UCSLj2L6Fa78dtxFbbUarM8Q,2025-02-14T10:52:55.196011+00:00,0,,CYBQflf5uFM,"{""text"":""he's truly a good samaritan""}"
UgyFH96b03Z9GixCYdd4AaABDqgBiqiMhgI,UCSLj2L6Fa78dtxFbbUarM8Q,2025-02-14T10:52:27.290421+00:00,0,,CYBQflf5uFM,"{""text"":""W""}"
UgwMzwsA_yvqFMvRQI94AaABDqgBzrjmggI,UCSLj2L6Fa78dtxFbbUarM8Q,2025-02-14T10:52:18.053789+00:00,0,,CYBQflf5uFM,"{""text"":""w""}"
Ugy-1lv1JXO2AEXn2zB4AaABDqgBv_6ukAI,UCSLj2L6Fa78dtxFbbUarM8Q,2025-02-14T10:34:41.564434+00:00,0,,CYBQflf5uFM,"{""text"":""glad I didn't miss the old thumbnail""}"
UgxJuM-neKhoH_IsW-l4AaABDqgBpoqWkAI,UCSLj2L6Fa78dtxFbbUarM8Q,2025-02-14T05:58:27.797675+00:00,0,,CYBQflf5uFM,"{""text"":""pekora surely knows what she's doing""}"
UgwdhKABQCC9M_J8KMB4AaABDqgBy-bRmgI,UCSLj2L6Fa78dtxFbbUarM8Q,2025-02-13T11:51:39.161086+00:00,0,,odfAo92UeWs,"{""text"":""lol""}"
UgwoO7FbQSCHHDQUawp4AaABDqgBpZ_jnQI,UCSLj2L6Fa78dtxFbbUarM8Q,2025-02-12T12:34:59.378561+00:00,0,,gR77EgGsnLg,"{""text"":""needs more tnt""}"
UgzxN_bOIHahEitBEVd4AaABDqgB64mgmwI,UCSLj2L6Fa78dtxFbbUarM8Q,2025-02-11T13:19:41.994273+00:00,0,,ufiEcIbfi6A,"{""text"":""still waiting""}"
UgzcBh74XP5Fh8yhe4t4AaABDqgBgb_vhgI,UCSLj2L6Fa78dtxFbbUarM8Q,2025-02-11T03:47:24.909944+00:00,0,,n2s_q2dM5IQ,"{""text"":""shrimp never skipped leg dayfor 10 years""}"
Ugz4zwfV6RUGyezOEhh4AaABDqgBpquAgQI,UCSLj2L6Fa78dtxFbbUarM8Q,2025-02-11T03:46:31.457892+00:00,0,,n2s_q2dM5IQ,"{""text"":""shrimp grinding 5x30""}"
UgxGx5bNQaNrzqDsWEZ4AaABDqgBovTWggI,UCSLj2L6Fa78dtxFbbUarM8Q,2025-02-09T10:32:38.600918+00:00,0,,HGWM0Qyump8,"{""text"":"""",""emoji"":{""customEmojiUrl"":""Failed to get emoji URL""}},{""text"":"""",""emoji"":{""customEmojiUrl"":""Failed to get emoji URL""}},{""text"":"""",""emoji"":{""customEmojiUrl"":""Failed to get emoji URL""}},{""text"":"""",""emoji"":{""customEmojiUrl"":""Failed to get emoji URL""}}"
UgykSSIk7XmokwO0f_t4AaABDqgB-uidjwI,UCSLj2L6Fa78dtxFbbUarM8Q,2025-02-09T10:31:09.261519+00:00,0,,HGWM0Qyump8,"{""text"":""mazel tov comrades!""}"
UgxGrm9RoauhLPacuCh4AaABDqgBrZb7ngI,UCSLj2L6Fa78dtxFbbUarM8Q,2025-02-09T10:19:07.230502+00:00,0,,ijUC9vMDx-U,"{""text"":""w""}"
UgyQYE9DQYcjQY6R7-F4AaABDqgBzp3OlAI,UCSLj2L6Fa78dtxFbbUarM8Q,2025-01-31T22:00:48.946176+00:00,0,,7cKWX3K8458,"{""text"":""lol""}"
UgyfuSFnr5eYXnyyBmZ4AaABDqgBks3dlQI,UCSLj2L6Fa78dtxFbbUarM8Q,2025-01-31T21:12:57.508654+00:00,0,,7cKWX3K8458,"{""text"":""bro got $1 tts""}"
UgxENQ81NQRg-t0U5wp4AaABDqgB7-27ngI,UCSLj2L6Fa78dtxFbbUarM8Q,2025-01-31T21:10:49.040844+00:00,0,,7cKWX3K8458,"{""text"":""dextop never dies""}"
UgxJz2Fyz393pxAGzYF4AaABDqgBmLP7mAI,UCSLj2L6Fa78dtxFbbUarM8Q,2025-01-31T21:09:05.841812+00:00,0,,7cKWX3K8458,"{""text"":""scammer.exe is not responding""}"
Ugw5EMh-iM83scKF8jl4AaABDqgBsrD5nAI,UCSLj2L6Fa78dtxFbbUarM8Q,2025-01-31T21:08:48.246599+00:00,0,,7cKWX3K8458,"{""text"":""tax manager""}"
Ugz5W0zntB8tvFqtBPF4AaABDqgB1dO3mQI,UCSLj2L6Fa78dtxFbbUarM8Q,2025-01-31T21:06:08.800943+00:00,0,,7cKWX3K8458,"{""text"":""he used nordvpn""}"
UgxpicjRBiXNWjVcqVB4AaABDqgB4ZzNhQI,UCSLj2L6Fa78dtxFbbUarM8Q,2025-01-31T21:02:36.561663+00:00,0,,7cKWX3K8458,"{""text"":""dewice lol""}"
Ugwoy01zsWz4B6VG9oZ4AaABDqgB7aPlhgI,UCSLj2L6Fa78dtxFbbUarM8Q,2025-01-31T21:02:14.007328+00:00,0,,7cKWX3K8458,"{""text"":""dextop""}"
UgwS0h4rDKw2zh2Grxt4AaABDqgB25aUgwI,UCSLj2L6Fa78dtxFbbUarM8Q,2025-01-31T21:00:14.945146+00:00,0,,7cKWX3K8458,"{""text"":""scammer.exe is not responding""}"
Ugy0DB65KABolauxaSV4AaABDqgBq4makAI,UCSLj2L6Fa78dtxFbbUarM8Q,2025-01-31T20:58:28.603019+00:00,0,,7cKWX3K8458,"{""text"":""did he fart???""}"
UgyasL1enjwCpTzGcjt4AaABDqgBr-imiwI,UCSLj2L6Fa78dtxFbbUarM8Q,2025-01-31T20:58:07.461666+00:00,0,,7cKWX3K8458,"{""text"":""dawg""}"
UgwD0Wy1i-2tOyga_kN4AaABDqgB6KnHnQI,UCSLj2L6Fa78dtxFbbUarM8Q,2025-01-31T20:57:12.147814+00:00,0,,7cKWX3K8458,"{""text"":""dawg ate the hadphone""}"
UgyKX4LBJP20o5UezF14AaABDqgB4dSCnAI,UCSLj2L6Fa78dtxFbbUarM8Q,2025-01-31T20:56:41.03313+00:00,0,,7cKWX3K8458,"{""text"":""lol""}"
Ugzd_kU-qkUmUbtTYxh4AaABDqgBisLyngI,UCSLj2L6Fa78dtxFbbUarM8Q,2025-01-31T20:56:01.171102+00:00,0,,7cKWX3K8458,"{""text"":""bruh his accent""}"
Ugwo80Uy4OyrmiXdOcd4AaABDqgByMneiwI,UCSLj2L6Fa78dtxFbbUarM8Q,2025-01-31T20:55:28.361698+00:00,0,,7cKWX3K8458,"{""text"":""indian Australian accent""}"
UgzvOQQWxY1oTbZjbz94AaABDqgB9-yukgI,UCSLj2L6Fa78dtxFbbUarM8Q,2025-01-31T20:54:23.628568+00:00,0,,7cKWX3K8458,"{""text"":""bro got the accent expansion pack""}"
Ugxv7-wCVdyzOeVJ_414AaABDqgBvbzAkAI,UCSLj2L6Fa78dtxFbbUarM8Q,2025-01-31T20:53:54.942421+00:00,0,,7cKWX3K8458,"{""text"":""wtf""}"
Ugw___-XDuol7B-QmXt4AaABDqgBhKfakgI,UCSLj2L6Fa78dtxFbbUarM8Q,2025-01-31T20:53:20.327536+00:00,0,,7cKWX3K8458,"{""text"":""bro trynna have a western accent""}"
UgyZbTWrWVcpC8iuAzB4AaABDqgBqIrTnAI,UCSLj2L6Fa78dtxFbbUarM8Q,2025-01-31T20:50:53.287608+00:00,0,,7cKWX3K8458,"{""text"":""lol u high @Juan ?""}"
UgwXksYXqL3mp_XGH9J4AaABDqgB8aTJgQI,UCSLj2L6Fa78dtxFbbUarM8Q,2025-01-31T20:50:12.733241+00:00,0,,7cKWX3K8458,"{""text"":""@Juan no""}"
UgxHY6aiA4GVobcvrjl4AaABDqgB_eqPmQI,UCSLj2L6Fa78dtxFbbUarM8Q,2025-01-31T20:46:56.99642+00:00,0,,7cKWX3K8458,"{""text"":""bruh exposing number is suicidal idea""}"
UgwqErW9qVFvzEJUxBp4AaABDqgBnarrmQI,UCSLj2L6Fa78dtxFbbUarM8Q,2025-01-31T20:42:46.628347+00:00,0,,7cKWX3K8458,"{""text"":""@Azzy shut up""}"
UgxXGNujDtTQ9MWnMn54AaABDqgB6-SCiQI,UCSLj2L6Fa78dtxFbbUarM8Q,2025-01-31T20:40:56.731883+00:00,0,,7cKWX3K8458,"{""text"":""just don't spam""}"
Ugxe3Qcz5SYksV2iIJ94AaABDqgBhqaGhQI,UCSLj2L6Fa78dtxFbbUarM8Q,2025-01-31T20:40:44.198272+00:00,0,,7cKWX3K8458,"{""text"":""fr""}"
UgxVxsSlQiaowbUL4sZ4AaABDqgBpbqWmwI.~EPzHv8eGrpXsqAEoAQ.ADyjpl1lKck,UCSLj2L6Fa78dtxFbbUarM8Q,2025-01-31T20:38:08.261633+00:00,0,UgxVxsSlQiaowbUL4sZ4AaABDqgBpbqWmwI,7cKWX3K8458,"{""text"":""well you're wrong with \""you can't help what doesn't want to be helped\""""}"
UgwLkkRqxTvRmccmFzR4AaABDqgBq_-OlQI,UCSLj2L6Fa78dtxFbbUarM8Q,2025-01-31T20:36:58.481482+00:00,0,,7cKWX3K8458,"{""text"":""RIP""}"
UgzcGy8FQr146TWGh4d4AaABDqgBh8O_lgI,UCSLj2L6Fa78dtxFbbUarM8Q,2025-01-31T20:36:19.852463+00:00,0,,7cKWX3K8458,"{""text"":""W""}"
UgzUGfDmsbRA7xmRnqZ4AaABDqgB3tSYlQI.~EPq2ze2zjOO3fygB.ADydHpG8pIq,UCSLj2L6Fa78dtxFbbUarM8Q,2025-01-31T19:40:56.354695+00:00,0,UgzUGfDmsbRA7xmRnqZ4AaABDqgB3tSYlQI,7cKWX3K8458,"{""text"":""thanks, it just looks like Xiaomi logo""}"
UgzOa5u2J1xrxz-Rp2h4AaABDqgB75m6lQI.~ELes7cDmhICKXigB.ADyd-CUdFQS,UCSLj2L6Fa78dtxFbbUarM8Q,2025-01-31T19:38:23.807926+00:00,0,UgzOa5u2J1xrxz-Rp2h4AaABDqgB75m6lQI,7cKWX3K8458,"{""text"":""Xiaomi currency üíÄ""}"
UgyoJSCdNK6PFmKlZLp4AaABDqgB0LHWgwI,UCSLj2L6Fa78dtxFbbUarM8Q,2025-01-31T19:32:33.649488+00:00,0,,7cKWX3K8458,"{""text"":""yo mine's 240p and I can't change quality""}"
UgzRByN2Xkioqmml3xB4AaABDqgB27_YhAI,UCSLj2L6Fa78dtxFbbUarM8Q,2025-01-29T19:58:01.323356+00:00,0,,TroagaJvgqg,"{""text"":""W""}"
UgxklY4-w8AKEXzeyd54AaABDqgBt9GJkgI,UCSLj2L6Fa78dtxFbbUarM8Q,2025-01-29T19:57:54.357085+00:00,0,,TroagaJvgqg,"{""text"":""W""}"
UgxUrG589WkGe2ah9lF4AaABDqgBg8W1gwI,UCSLj2L6Fa78dtxFbbUarM8Q,2025-01-29T19:57:46.16648+00:00,0,,TroagaJvgqg,"{""text"":""W""}"
UgwUbqBERBQvYbcHdb14AaABDqgBy82XkgI,UCSLj2L6Fa78dtxFbbUarM8Q,2025-01-29T19:57:37.794986+00:00,0,,TroagaJvgqg,"{""text"":""W""}"
Ugx8bJIlmUmGuMnD6iV4AaABDqgB5riVnAI,UCSLj2L6Fa78dtxFbbUarM8Q,2025-01-29T19:57:28.277597+00:00,0,,TroagaJvgqg,"{""text"":""W""}"
UgwQoEVCfXpFV0D4bzp4AaABDqgBhrmHlAI,UCSLj2L6Fa78dtxFbbUarM8Q,2025-01-29T19:57:17.46826+00:00,0,,TroagaJvgqg,"{""text"":""E""}"
UgxKlBTqeHzj8G3tK0l4AaABDqgB17CNhgI,UCSLj2L6Fa78dtxFbbUarM8Q,2025-01-29T19:48:03.306117+00:00,0,,TroagaJvgqg,"{""text"":""W""}"
Ugw40whg7purA5DGWMp4AaABDqgBvPGBiwI,UCSLj2L6Fa78dtxFbbUarM8Q,2025-01-18T22:32:44.838077+00:00,0,,buXHxYCl8o8,"{""text"":""everything on the internet spies on you""}"
UgwK5y-Y1oJ5iu-w-5d4AaABDqgB9qiuhAI,UCSLj2L6Fa78dtxFbbUarM8Q,2025-01-18T22:32:00.148603+00:00,0,,buXHxYCl8o8,"{""text"":""NATIONAL SECURITY CONCERNS""}"
UgwhsYAdiyk6GRWlBV54AaABDqgBzf6VnAI,UCSLj2L6Fa78dtxFbbUarM8Q,2025-01-18T22:31:09.534449+00:00,0,,buXHxYCl8o8,"{""text"":""last 6 hour doom scroll""}"
UgyodFh0fSG4-2b46VN4AaABDqgBm_2WhQI,UCSLj2L6Fa78dtxFbbUarM8Q,2025-01-18T22:30:43.319074+00:00,0,,buXHxYCl8o8,"{""text"":""delay bruv""}"
Ugy-2fbaAyV_Ch0VuK54AaABDqgBjtagnwI,UCSLj2L6Fa78dtxFbbUarM8Q,2025-01-18T22:28:49.543699+00:00,0,,buXHxYCl8o8,"{""text"":""jus a 404""}"
UgwJjVopXAASolf4UKx4AaABDqgBvKOZiQI,UCSLj2L6Fa78dtxFbbUarM8Q,2025-01-18T22:28:24.798643+00:00,0,,buXHxYCl8o8,"{""text"":""nah don't delete, it's not like there's an FBI agent constantly watching your phone""}"
Ugz27wWw61y1lbED9n14AaABDqgBmKXfnwI,UCSLj2L6Fa78dtxFbbUarM8Q,2025-01-18T22:25:05.278335+00:00,0,,buXHxYCl8o8,"{""text"":""VPNs aren't illegal even accessing the dark web isn't illegal as long as you don't do illegal things""}"
UgwwE6EZ791cUV7p94d4AaABDqgB9vKQlAI,UCSLj2L6Fa78dtxFbbUarM8Q,2025-01-18T22:23:58.932806+00:00,0,,buXHxYCl8o8,"{""text"":""yes when you use our today's sponsor! nordv...""}"
UgxJhDlQSXbnCIoWalx4AaABDqgB2IWSmwI,UCSLj2L6Fa78dtxFbbUarM8Q,2025-01-18T22:22:05.856021+00:00,0,,buXHxYCl8o8,"{""text"":""they're not accurate""}"
Ugw6EehD_f0S18Slmpd4AaABDqgBofHcjQI,UCSLj2L6Fa78dtxFbbUarM8Q,2025-01-18T22:20:53.297342+00:00,0,,buXHxYCl8o8,"{""text"":""yt doesn't have dislike but the hub has... so W hub""}"
UgxVuLOPVamhF2ZZITh4AaABDqgB4dLZlwI,UCSLj2L6Fa78dtxFbbUarM8Q,2025-01-18T22:18:54.30317+00:00,0,,buXHxYCl8o8,"{""text"":""W YouTube, W freedom and oilüá∫üá≤""}"
UgxygzcVuvymfWz1S_B4AaABDqgBjKPPnAI,UCSLj2L6Fa78dtxFbbUarM8Q,2025-01-18T22:17:30.893037+00:00,0,,buXHxYCl8o8,"{""text"":""YouTube gon be swimming in cash""}"
UgzpGT9l67Nf0Xh0CKJ4AaABDqgB1eHslQI,UCSLj2L6Fa78dtxFbbUarM8Q,2025-01-18T22:14:07.127658+00:00,0,,buXHxYCl8o8,"{""text"":""nah Facebook reels feels like a free lobotomy""}"
Ugy5cELTMerXgPuGB9B4AaABDqgB3qSLkgI,UCSLj2L6Fa78dtxFbbUarM8Q,2025-01-18T22:13:19.493282+00:00,0,,buXHxYCl8o8,"{""text"":""you guys should turn on slow mode""}"
UgzjVD8ITRTWh27CYkZ4AaABDqgB_9yUjwI,UCSLj2L6Fa78dtxFbbUarM8Q,2025-01-18T22:11:34.206215+00:00,0,,buXHxYCl8o8,"{""text"":""lol bozo""}"
UgyMZfiGFk8vfaAGgQN4AaABDqgBn4bElgI,UCSLj2L6Fa78dtxFbbUarM8Q,2025-01-18T20:00:59.278105+00:00,0,,gd5w3qg6qpM,"{""text"":""it's live but the video is pre-recorded""}"
UgygdRmVO4NGyS6HdqV4AaABDqgB_pGkhQI,UCSLj2L6Fa78dtxFbbUarM8Q,2025-01-18T19:59:50.566854+00:00,0,,gd5w3qg6qpM,"{""text"":""wassup""}"
UgzuXgx4HP9eju_vs2p4AaABDqgBzYfZggI,UCSLj2L6Fa78dtxFbbUarM8Q,2025-01-18T19:59:20.35812+00:00,0,,gd5w3qg6qpM,"{""text"":""dang all I read in this chat was crazy people talking about their non-existent \""god\""""}"
UgwCRZ0_h7Bwe_wroHZ4AaABDqgB8L2BigI,UCSLj2L6Fa78dtxFbbUarM8Q,2025-01-18T19:54:58.793936+00:00,0,,gd5w3qg6qpM,"{""text"":""religious spammers be goin wild""}"
UgwQWsDL11ntpcG_D_p4AaABDqgB-46iigI,UCSLj2L6Fa78dtxFbbUarM8Q,2025-01-18T19:45:50.003095+00:00,0,,HTWOIlUo4aI,"{""text"":""bruh TikTok servers will be down in the US meaning no one can use it without a VPN, anyone can access TikTok using vpn""}"
UgxVoawxrPsL279hPjx4AaABDqgBmc74mwI,UCSLj2L6Fa78dtxFbbUarM8Q,2025-01-18T19:44:16.947665+00:00,0,,HTWOIlUo4aI,"{""text"":""W TikTok ban""}"
Ugx9wiAB6OPgcnJ5Mch4AaABDqgBydOIjAI,UCSLj2L6Fa78dtxFbbUarM8Q,2025-01-16T20:07:36.159654+00:00,0,,xDHIA-Wi58U,"{""text"":""sudo reboot""}"
UgwkOo8EeEuf4YqWb514AaABDqgBhvuJkwI,UCSLj2L6Fa78dtxFbbUarM8Q,2025-01-15T22:05:37.028523+00:00,0,,0C-fJHL0J30,"{""text"":""finally two pigs agree to save people for a few hours""}"
UgwqPjf8ZK6i19uZo_h4AaABDqgBgLbJkwI,UCSLj2L6Fa78dtxFbbUarM8Q,2025-01-12T05:33:07.132682+00:00,0,,RWOP9JA_Ob4,"{""text"":""religious people are literal methead""}"
UgzhfZeiuoOS67GaewV4AaABDqgBp5jCnwI,UCSLj2L6Fa78dtxFbbUarM8Q,2025-01-10T16:44:04.317893+00:00,0,,v9W5R6KRfsY,"{""text"":""I care and I asked""}"
UgwBiO3GfxniIAydIb14AaABDqgB35zXnQI,UCSLj2L6Fa78dtxFbbUarM8Q,2025-01-10T16:40:18.390185+00:00,0,,v9W5R6KRfsY,"{""text"":""has anyone ever think how weirdly obsessed humans are about relationships?""}"
UgxcTFCS6C8o-CU0glR4AaABDqgBzoyOigI,UCSLj2L6Fa78dtxFbbUarM8Q,2025-01-10T16:38:05.688233+00:00,0,,v9W5R6KRfsY,"{""text"":""religious people are going crazy""}"
Ugy05TTgAtCjHwHriEh4AaABDqgBu8GghAI,UCSLj2L6Fa78dtxFbbUarM8Q,2025-01-09T21:04:53.383426+00:00,0,,OLBcDw6NMp0,"{""text"":""at this point I'm just guessing Russian based on pictures""}"
UgwRPaRVzZGHVOgFEj94AaABDqgB5eKamAI,UCSLj2L6Fa78dtxFbbUarM8Q,2025-01-09T21:03:50.294135+00:00,0,,OLBcDw6NMp0,"{""text"":""üá∑üá∫üá∑üá∫üá∑üá∫üêªüêªüêª""}"
UgxOfzHegAGrbOt3D7t4AaABDqgB18DXkAI,UCSLj2L6Fa78dtxFbbUarM8Q,2025-01-09T21:02:50.277336+00:00,0,,OLBcDw6NMp0,"{""text"":""–¢–û–í–ê–†–ò–©–ò!""}"
UgxGGOZ4_ogq4esfo9t4AaABDqgBiLbJmwI,UCSLj2L6Fa78dtxFbbUarM8Q,2025-01-09T21:01:49.423477+00:00,0,,OLBcDw6NMp0,"{""text"":""imma need to learn Russian""}"
UgxvNLX3TDDmsbodcSN4AaABDqgB57C6jgI,UCSLj2L6Fa78dtxFbbUarM8Q,2025-01-09T21:01:00.438112+00:00,0,,OLBcDw6NMp0,"{""text"":""USSR""}"
Ugwj8owwQDEIBefaH1R4AaABDqgBgOvEnAI,UCSLj2L6Fa78dtxFbbUarM8Q,2025-01-09T21:00:15.937625+00:00,0,,OLBcDw6NMp0,"{""text"":""ummm I don't speak vodka""}"
Ugzia3GUyhgt0_N8l_d4AaABDqgBycaQhQI,UCSLj2L6Fa78dtxFbbUarM8Q,2025-01-09T20:10:05.649244+00:00,0,, -hPmfUpirkc,"{""text"":""I don't care about religions but religious people are acting like lunatics""}"
Ugy-Zx42T4YebtjJHMN4AaABDqgBuaG6mAI,UCSLj2L6Fa78dtxFbbUarM8Q,2025-01-09T20:09:23.922969+00:00,0,, -hPmfUpirkc,"{""text"":""bruh, did this religious people got lobotomized?""}"
UgzYtEsdnK3bBXl8W814AaABDqgB0LfbgAI,UCSLj2L6Fa78dtxFbbUarM8Q,2025-01-09T20:08:09.147702+00:00,0,, -hPmfUpirkc,"{""text"":""wildfire not some god shit gaza""}"
UgxDHKTlNLmx1zqcjwl4AaABDqgB4OGzmgI,UCSLj2L6Fa78dtxFbbUarM8Q,2025-01-09T20:07:12.593984+00:00,0,, -hPmfUpirkc,"{""text"":""bro on meth""}"
UgwiYdUb_o6emT-30op4AaABDqgB4PvynAI,UCSLj2L6Fa78dtxFbbUarM8Q,2025-01-09T20:06:16.845464+00:00,0,, -hPmfUpirkc,"{""text"":""thousands of dollar bills are now out of circulation, inflation reduced by 0.01%""}"
UgyCqB5-GXRavDDljdx4AaABDqgBtdCbhAI,UCSLj2L6Fa78dtxFbbUarM8Q,2025-01-09T20:04:22.198061+00:00,0,, -hPmfUpirkc,"{""text"":""nah those religious people going crazy""}"
UgxOk6c6VP-bWhzAJVB4AaABDqgBmaeXgAI,UCSLj2L6Fa78dtxFbbUarM8Q,2025-01-08T14:26:03.547285+00:00,0,,gt4y4xLgDhw,"{""text"":""gay""}"
UgzGrc_FlXIFQw2it-F4AaABDqgBjKK1ngI,UCSLj2L6Fa78dtxFbbUarM8Q,2025-01-08T14:13:51.703783+00:00,0,,gt4y4xLgDhw,"{""text"":""put the meth in the fridge bruh""}"
UgxICGX9Y60tEZozMzx4AaABDqgBtLaKkgI,UCSLj2L6Fa78dtxFbbUarM8Q,2025-01-08T14:13:39.456932+00:00,0,,gt4y4xLgDhw,"{""text"":""fridge""}"
UgzG3Yg11faLUm65F2x4AaABDqgBsp-TgAI,UCSLj2L6Fa78dtxFbbUarM8Q,2025-01-08T14:13:26.368779+00:00,0,,gt4y4xLgDhw,"{""text"":""fridge""}"
UgzChkiM24rnHToy6nx4AaABDqgB9uefjAI,UCSLj2L6Fa78dtxFbbUarM8Q,2025-01-08T14:13:01.85354+00:00,0,,gt4y4xLgDhw,"{""text"":""show us fridge""}"
UgyHxNkYnb1pvQRoyoR4AaABDqgBptuekgI,UCSLj2L6Fa78dtxFbbUarM8Q,2025-01-08T14:12:20.56031+00:00,0,,gt4y4xLgDhw,"{""text"":""his only comment is \""copy paste\""""}"
Ugy5SWT9ZLtWhKkZl-V4AaABDqgB8cr2kwI,UCSLj2L6Fa78dtxFbbUarM8Q,2025-01-08T14:09:59.258959+00:00,0,,gt4y4xLgDhw,"{""text"":""well everyone except north Koreans can go anywhere legally if they follow the process""}"
UgxiWopXxGk9mkTfWyZ4AaABDqgBy6OyiQI,UCSLj2L6Fa78dtxFbbUarM8Q,2025-01-08T14:08:25.860973+00:00,0,,gt4y4xLgDhw,"{""text"":""fent and meth""}"
UgxQNWghf83ZDTAlcIh4AaABDqgBgu2ilgI,UCSLj2L6Fa78dtxFbbUarM8Q,2025-01-08T14:07:47.50926+00:00,0,,gt4y4xLgDhw,"{""text"":""meth pipe POV""}"
Ugx34lXWf_CjpzeIxk54AaABDqgB9JqHiQI,UCSLj2L6Fa78dtxFbbUarM8Q,2025-01-08T14:07:34.57314+00:00,0,,gt4y4xLgDhw,"{""text"":""fr""}"
UgzcxvMxXTNn_JD6O8p4AaABDqgB97SLggI,UCSLj2L6Fa78dtxFbbUarM8Q,2025-01-08T14:06:56.968168+00:00,0,,gt4y4xLgDhw,"{""text"":""I identify as black, indian, Chinese, japanese, European, American, alien and Australian""}"
UgwCtWvDjox07a4WZjR4AaABDqgB_ZnVigI,UCSLj2L6Fa78dtxFbbUarM8Q,2025-01-08T14:05:49.759693+00:00,0,,gt4y4xLgDhw,"{""text"":""see meth pipe""}"
UgyCTUAn1dP1CaMLOQV4AaABDqgBtI2-lAI,UCSLj2L6Fa78dtxFbbUarM8Q,2025-01-08T14:05:27.5494+00:00,0,,gt4y4xLgDhw,"{""text"":""it's a film not IRL""}"
Ugx7WuZzpCd5Xevr9jl4AaABDqgBj9LpngI,UCSLj2L6Fa78dtxFbbUarM8Q,2025-01-08T14:04:45.655897+00:00,0,,gt4y4xLgDhw,"{""text"":""stop copy pasting shit""}"
UgzPVQXJfEx_kWDwFfl4AaABDqgB9aTilAI,UCSLj2L6Fa78dtxFbbUarM8Q,2025-01-08T14:03:55.627541+00:00,0,,gt4y4xLgDhw,"{""text"":""smoking meth again""}"
Ugw1hgicCdlsCXjqMsJ4AaABDqgB3_OjkAI,UCSLj2L6Fa78dtxFbbUarM8Q,2025-01-08T14:03:31.981624+00:00,0,,gt4y4xLgDhw,"{""text"":""POV day 60 of smoking meth and fent""}"
Ugzis8IL-eum9MLleOJ4AaABDqgBiYXImwI,UCSLj2L6Fa78dtxFbbUarM8Q,2025-01-08T14:02:34.830739+00:00,0,,gt4y4xLgDhw,"{""text"":""bruh I see no problem""}"
Ugw9mvG-ZA-ZLhAdnB54AaABDqgBwcKRngI,UCSLj2L6Fa78dtxFbbUarM8Q,2025-01-08T14:02:01.20186+00:00,0,,gt4y4xLgDhw,"{""text"":""submarine*""}"
UgzrJNN5k21U6SqkI3F4AaABDqgB6JLBhwI,UCSLj2L6Fa78dtxFbbUarM8Q,2025-01-08T14:01:49.737913+00:00,0,,gt4y4xLgDhw,"{""text"":""round beuh""}"
UgyeNjQdQLdZ-HYZI5F4AaABDqgB6K_pggI,UCSLj2L6Fa78dtxFbbUarM8Q,2025-01-08T14:01:43.188237+00:00,0,,gt4y4xLgDhw,"{""text"":""he's on meth and fent""}"
Ugyjo9BnzODRzGu3d0t4AaABDqgBv9GZmwI,UCSLj2L6Fa78dtxFbbUarM8Q,2025-01-08T14:01:08.99946+00:00,0,,gt4y4xLgDhw,"{""text"":""I'm 1% black""}"
UgxkIfcCt2ZtdoQxjON4AaABDqgBraKXkwI,UCSLj2L6Fa78dtxFbbUarM8Q,2025-01-08T14:00:18.833303+00:00,0,,gt4y4xLgDhw,"{""text"":""source: I'm deranged bruh""}"
Ugz04xGt0UE59XYZt_N4AaABDqgBoMOakQI,UCSLj2L6Fa78dtxFbbUarM8Q,2025-01-08T13:59:45.088041+00:00,0,,gt4y4xLgDhw,"{""text"":""nah he walking in his submarine again""}"
Ugzzrjgh7KDmbd2yDjZ4AaABDqgBg7zdgQI,UCSLj2L6Fa78dtxFbbUarM8Q,2025-01-07T22:42:09.150963+00:00,0,,2RazwpuCqk8,"{""text"":""he's near Lake St Clair""}"
UgxZx-URJ0vkEgqXrSt4AaABDqgBzrjjkgI,UCSLj2L6Fa78dtxFbbUarM8Q,2025-01-07T22:38:48.158058+00:00,0,,2RazwpuCqk8,"{""text"":""Redford Michigan""}"
UgxH6LSAwQGGmGO6Seh4AaABDqgBs8bviAI,UCSLj2L6Fa78dtxFbbUarM8Q,2025-01-07T22:38:17.826985+00:00,0,,2RazwpuCqk8,"{""text"":""Walter White would not be proud of this guy""}"
UgznoVMMpl1liXGVgil4AaABDqgBse36mgI,UCSLj2L6Fa78dtxFbbUarM8Q,2025-01-07T22:26:23.2619+00:00,0,,2RazwpuCqk8,"{""text"":""submarine lives matter""}"
UgxoLsKjQPjE_DWtl094AaABDqgB2ZfDjAI,UCSLj2L6Fa78dtxFbbUarM8Q,2025-01-07T22:04:13.675885+00:00,0,,2RazwpuCqk8,"{""text"":""I'm calling submarine""}"
UgyBs1U4KiGtIbxLEK94AaABDqgB062UgQI,UCSLj2L6Fa78dtxFbbUarM8Q,2025-01-07T22:03:26.683123+00:00,0,,2RazwpuCqk8,"{""text"":""he's talking shit, Philippines can't even buy a submarine""}"
UgxmCkWn4z1C9142LbJ4AaABDqgBza3RjQI,UCSLj2L6Fa78dtxFbbUarM8Q,2025-01-07T22:02:40.506131+00:00,0,,2RazwpuCqk8,"{""text"":""man careful with your submarine""}"
UgyxozO-BRxzY7K4Lx94AaABDqgB6e-vlAI,UCSLj2L6Fa78dtxFbbUarM8Q,2025-01-07T22:01:01.245158+00:00,0,,2RazwpuCqk8,"{""text"":""he's indirectly telling us not to smoke meth by smoking meth""}"
UgyJm1sEGpHfb8Zad6h4AaABDqgB7Lf6lQI,UCSLj2L6Fa78dtxFbbUarM8Q,2025-01-07T22:00:20.352561+00:00,0,,2RazwpuCqk8,"{""text"":""his driving his submarine""}"
UgyDVYEgtesS2-nXtwp4AaABDqgBrMz-hgI,UCSLj2L6Fa78dtxFbbUarM8Q,2025-01-07T21:59:29.928268+00:00,0,,2RazwpuCqk8,"{""text"":""he's speeding in his submarine""}"
UgwfJLt1QwnDCmYgoTl4AaABDqgBysvcgQI,UCSLj2L6Fa78dtxFbbUarM8Q,2025-01-07T21:58:22.642747+00:00,0,,2RazwpuCqk8,"{""text"":""he gave me headache and that's the only shit I barely understand""}"
Ugz6ZK5QDhYF7_uCgUN4AaABDqgB8bO1hwI,UCSLj2L6Fa78dtxFbbUarM8Q,2025-01-07T21:57:03.824261+00:00,0,,2RazwpuCqk8,"{""text"":""he's talking about Jews and baby dick suckers""}"
UgwGnUe3J7PcWWzJZxt4AaABDqgB3a6eggI,UCSLj2L6Fa78dtxFbbUarM8Q,2025-01-07T21:56:25.236401+00:00,0,,2RazwpuCqk8,"{""text"":""he's driving his submarine""}"
UgxDYY4uDFwRfhOK9Nl4AaABDqgB8dbjmQI,UCSLj2L6Fa78dtxFbbUarM8Q,2025-01-07T21:55:56.837064+00:00,0,,2RazwpuCqk8,"{""text"":""he's on meth""}"
UgyirrPibty30m4xTLV4AaABDqgB7Je-kAI,UCSLj2L6Fa78dtxFbbUarM8Q,2025-01-07T14:21:36.76381+00:00,0,,Hp6-BBXlxXQ,"{""text"":""submarines are everywhere on land, space, sea, skies""}"
UgxBXzkFr8FYkBzgNql4AaABDqgBs5rIigI,UCSLj2L6Fa78dtxFbbUarM8Q,2025-01-07T14:20:54.081607+00:00,0,,Hp6-BBXlxXQ,"{""text"":""free meth in Walmart""}"
UgxFJZ-JhEPUnSllxxh4AaABDqgBhJX4lwI,UCSLj2L6Fa78dtxFbbUarM8Q,2025-01-07T14:20:29.673165+00:00,0,,Hp6-BBXlxXQ,"{""text"":""i think so""}"
UgwQ89ym2W-s5UN9vPN4AaABDqgBp9feigI,UCSLj2L6Fa78dtxFbbUarM8Q,2025-01-07T14:19:55.61828+00:00,0,,Hp6-BBXlxXQ,"{""text"":""he totally lost shit""}"
Ugzi2qXa9Bi_Ej37p3h4AaABDqgBzvGoiwI,UCSLj2L6Fa78dtxFbbUarM8Q,2025-01-07T14:19:29.603605+00:00,0,,Hp6-BBXlxXQ,"{""text"":""lol""}"
Ugyn8cjKtTolMpexY6B4AaABDqgB1tu5mwI,UCSLj2L6Fa78dtxFbbUarM8Q,2025-01-07T14:19:03.093975+00:00,0,,Hp6-BBXlxXQ,"{""text"":""POV when you buy meth from Walmart:""}"
UgyvkcR0KvJeXnef9pt4AaABDqgBhKymlAI,UCSLj2L6Fa78dtxFbbUarM8Q,2025-01-07T14:18:20.77887+00:00,0,,Hp6-BBXlxXQ,"{""text"":""guys the CIA keeps us from reaching the ice walls by hiding in their submarines then attacking us""}"
UgzPm3NxYBKX_P_lVJJ4AaABDqgBlZCymAI,UCSLj2L6Fa78dtxFbbUarM8Q,2025-01-07T14:16:59.519163+00:00,0,,Hp6-BBXlxXQ,"{""text"":""he need a welfare check""}"
UgzW_zf8wOil8qniKxd4AaABDqgBg8aeiAI,UCSLj2L6Fa78dtxFbbUarM8Q,2025-01-07T14:16:36.370567+00:00,0,,Hp6-BBXlxXQ,"{""text"":""fr""}"
UgzHtTlpk5N__ZZIPyJ4AaABDqgB2tezlwI,UCSLj2L6Fa78dtxFbbUarM8Q,2025-01-07T14:15:09.911887+00:00,0,,Hp6-BBXlxXQ,"{""text"":""your family is already safe in your submarine""}"
Ugy_yoyRHEL1FBcaBhF4AaABDqgB_vPJiAI,UCSLj2L6Fa78dtxFbbUarM8Q,2025-01-07T14:14:44.090645+00:00,0,,Hp6-BBXlxXQ,"{""text"":""then live in a submarine""}"
UgzVf5ArY_j7WwrIhY94AaABDqgBtZXnhAI,UCSLj2L6Fa78dtxFbbUarM8Q,2025-01-07T14:14:30.288032+00:00,0,,Hp6-BBXlxXQ,"{""text"":""keep up the yapping""}"
Ugx9lXcA49XBuZ4IX_Z4AaABDqgB74bTlQI,UCSLj2L6Fa78dtxFbbUarM8Q,2025-01-07T14:13:17.134449+00:00,0,,Hp6-BBXlxXQ,"{""text"":""nah he escaped the matrix""}"
Ugz4Av9tVqQ6zEv5iA94AaABDqgBnfiumgI,UCSLj2L6Fa78dtxFbbUarM8Q,2025-01-07T14:12:34.91832+00:00,0,,Hp6-BBXlxXQ,"{""text"":""fent too""}"
UgyTGsEW5hftF-t5c1J4AaABDqgBtKjAnAI,UCSLj2L6Fa78dtxFbbUarM8Q,2025-01-07T14:12:11.128572+00:00,0,,Hp6-BBXlxXQ,"{""text"":""he owns 69 submarines and don't want the government to tax him""}"
Ugx__DrQybfg1FSqJzJ4AaABDqgB95ivjQI,UCSLj2L6Fa78dtxFbbUarM8Q,2025-01-07T14:10:30.072234+00:00,0,,Hp6-BBXlxXQ,"{""text"":""he smoking fent""}"
Ugyt00tpZXatqU6Qntd4AaABDqgB9_-gkAI,UCSLj2L6Fa78dtxFbbUarM8Q,2025-01-07T14:10:11.779049+00:00,0,,Hp6-BBXlxXQ,"{""text"":""they all live in a submarine""}"
UgznXs5aiAAQXmWSrGx4AaABDqgBrIaihwI,UCSLj2L6Fa78dtxFbbUarM8Q,2025-01-07T14:08:34.925363+00:00,0,,Hp6-BBXlxXQ,"{""text"":""bibles are pure gibberish fr""}"
UgzMsBI12l9PwrrWOgl4AaABDqgBgZDBnAI,UCSLj2L6Fa78dtxFbbUarM8Q,2025-01-07T14:08:16.290482+00:00,0,,Hp6-BBXlxXQ,"{""text"":""fr""}"
UgynIr88aWW5RgvkHEB4AaABDqgBruLjmgI,UCSLj2L6Fa78dtxFbbUarM8Q,2025-01-07T14:07:39.259805+00:00,0,,Hp6-BBXlxXQ,"{""text"":""he drinking still water""}"
UgzQRlWoLWZeFCfytpB4AaABDqgBqvzdlAI,UCSLj2L6Fa78dtxFbbUarM8Q,2025-01-07T14:06:52.115938+00:00,0,,Hp6-BBXlxXQ,"{""text"":""he's in his submarine, he can't go outside""}"
Ugzpq0iX9PPmVR9vuEh4AaABDqgB4KqbigI,UCSLj2L6Fa78dtxFbbUarM8Q,2025-01-07T14:06:24.876787+00:00,0,,Hp6-BBXlxXQ,"{""text"":""we pay taxes for the military to make 2 story submarines""}"
UgyPOyLwF8ZC3gzfS2V4AaABDqgBpvbtggI,UCSLj2L6Fa78dtxFbbUarM8Q,2025-01-07T14:05:31.900774+00:00,0,,Hp6-BBXlxXQ,"{""text"":""nah he racist towards all races""}"
UgxTe613_dE3uugFmVl4AaABDqgB287EiAI,UCSLj2L6Fa78dtxFbbUarM8Q,2025-01-07T14:04:17.35123+00:00,0,,Hp6-BBXlxXQ,"{""text"":""lol""}"
UgwRl0K68K3ShF9OieN4AaABDqgB7pL5iwI,UCSLj2L6Fa78dtxFbbUarM8Q,2025-01-07T14:03:59.748475+00:00,0,,Hp6-BBXlxXQ,"{""text"":""noun. Semitic characteristics, especially the ways, ideas, influence, etc., of the Jewish people. a word or idiom peculiar to, derived from, or characteristic of a Semitic language, especially of Hebr""}"
Ugw7qrTdmdOzI0eWJfl4AaABDqgBhZHynQI,UCSLj2L6Fa78dtxFbbUarM8Q,2025-01-07T14:02:58.33909+00:00,0,,Hp6-BBXlxXQ,"{""text"":""fr""}"
Ugzn3OqGh9f9Ns3M9xB4AaABDqgBzJvjhgI,UCSLj2L6Fa78dtxFbbUarM8Q,2025-01-07T14:00:50.65328+00:00,0,,Hp6-BBXlxXQ,"{""text"":""quick get a tin foil hat""}"
UgxVVJEWZrD35FXBiHZ4AaABDqgBz5K2iwI,UCSLj2L6Fa78dtxFbbUarM8Q,2025-01-07T14:00:39.48162+00:00,0,,Hp6-BBXlxXQ,"{""text"":""tin foil hat""}"





