Live chat ID,Channel ID,Live chat create timestamp,Price,Video ID,Live chat text
UgzvkS72jcyDv9zNMC94AaABDqgBgZiSmgI,UCSLj2L6Fa78dtxFbbUarM8Q,2025-01-07T14:00:29.282651+00:00,0,Hp6-BBXlxXQ,"{""text"":""bruh""}"
UgzqNGL4n4J_S0FRYtx4AaABDqgBsqSPngI,UCSLj2L6Fa78dtxFbbUarM8Q,2025-01-07T13:59:45.133627+00:00,0,Hp6-BBXlxXQ,"{""text"":""submarine with endless halls""}"
UgzHsfkE1JOW9B--E3t4AaABDqgByf-biQI,UCSLj2L6Fa78dtxFbbUarM8Q,2025-01-07T13:58:05.042537+00:00,0,Hp6-BBXlxXQ,"{""text"":""great! you confirmed you're still in Redford Michigan I can search your name and specific address then call police for welfare check""}"
UgxQ-W15559muZioyMN4AaABDqgBufbckwI,UCSLj2L6Fa78dtxFbbUarM8Q,2025-01-07T13:57:06.399444+00:00,0,Hp6-BBXlxXQ,"{""text"":""lol""}"
UgxAe2kbfnqoJnknGvp4AaABDqgBsObZhQI,UCSLj2L6Fa78dtxFbbUarM8Q,2025-01-07T13:56:35.71089+00:00,0,Hp6-BBXlxXQ,"{""text"":""we don't hate you, we wanna help you get better""}"
UgwdDWNJtKhP0qsx37d4AaABDqgBiP_klQI,UCSLj2L6Fa78dtxFbbUarM8Q,2025-01-07T13:56:10.321831+00:00,0,Hp6-BBXlxXQ,"{""text"":""10pm here""}"
UgwERQ4wtufBqVqThJF4AaABDqgBnpCZiAI,UCSLj2L6Fa78dtxFbbUarM8Q,2025-01-07T13:55:27.606423+00:00,0,Hp6-BBXlxXQ,"{""text"":""you need help comrade""}"
UgzG9NuH6i3QWwFv7qZ4AaABDqgBzpbuhAI,UCSLj2L6Fa78dtxFbbUarM8Q,2025-01-07T13:54:28.999927+00:00,0,Hp6-BBXlxXQ,"{""text"":""nah this guy survived the Holocaust by smoking mustard gas""}"
UgzRTsNYUt7daQ8tjyx4AaABDqgBudSJjAI,UCSLj2L6Fa78dtxFbbUarM8Q,2025-01-07T13:52:41.765681+00:00,0,Hp6-BBXlxXQ,"{""text"":""he's in Redford Michigan but I'm not sure if he's still there""}"
Ugwc1bu3C5X4xYWPLih4AaABDqgB7a-5iAI,UCSLj2L6Fa78dtxFbbUarM8Q,2025-01-07T13:49:11.347032+00:00,0,Hp6-BBXlxXQ,"{""text"":""anyone know where he is? we need to call police for welfare check""}"
UgwodwkhdGf48O2x0w54AaABDqgB3dWnmQI,UCSLj2L6Fa78dtxFbbUarM8Q,2025-01-07T13:47:23.483164+00:00,0,Hp6-BBXlxXQ,"{""text"":""he looked sane 8 years ago""}"
Ugx_KcZbGSUFJe94XzR4AaABDqgBmty0iwI,UCSLj2L6Fa78dtxFbbUarM8Q,2025-01-07T13:45:15.687517+00:00,0,Hp6-BBXlxXQ,"{""text"":""he smoke mustard gasğŸ’€""}"
UgwzOI-WxCaLLBCGR254AaABDqgBuvOZjgI,UCSLj2L6Fa78dtxFbbUarM8Q,2025-01-07T13:44:11.590171+00:00,0,Hp6-BBXlxXQ,"{""text"":""IDK he smoked too much fent""}"
UgwtBvqamVpZUyYWYGJ4AaABDqgB04j3ngI,UCSLj2L6Fa78dtxFbbUarM8Q,2025-01-07T13:43:14.660667+00:00,0,Hp6-BBXlxXQ,"{""text"":""ya need help man? you look lonely and depressed""}"
UgyF2z-Ftuxvt_aubdB4AaABDqgB-eDynQI,UCSLj2L6Fa78dtxFbbUarM8Q,2025-01-07T13:41:18.763224+00:00,0,Hp6-BBXlxXQ,"{""text"":""he ain't high, he out in the milky way""}"
UgyJpu5JXgDHxkmHfpF4AaABDqgBoYDnngI,UCSLj2L6Fa78dtxFbbUarM8Q,2025-01-07T13:38:59.193973+00:00,0,Hp6-BBXlxXQ,"{""text"":""he lost shit long time ago""}"
Ugx56Lpt64oZ9rhTIo14AaABDqgBv_XmkgI,UCSLj2L6Fa78dtxFbbUarM8Q,2025-01-07T13:37:35.403843+00:00,0,Hp6-BBXlxXQ,"{""text"":""lol""}"
UgzeROyd-J-5N2P5oMt4AaABDqgB6O7ZgwI,UCSLj2L6Fa78dtxFbbUarM8Q,2025-01-07T13:37:13.242677+00:00,0,Hp6-BBXlxXQ,"{""text"":""fent isn't smoked tho""}"
UgzwmWvARwdKhGLYu-V4AaABDqgB1bPKkAI,UCSLj2L6Fa78dtxFbbUarM8Q,2025-01-07T13:36:27.492079+00:00,0,Hp6-BBXlxXQ,"{""text"":""bro smoked fentğŸ’€""}"
Ugxmo9CinbGfeee_Bdp4AaABDqgBupiNiwI,UCSLj2L6Fa78dtxFbbUarM8Q,2025-01-06T14:22:42.960403+00:00,0,47ULXAEN-vI,"{""text"":""lol""}"
UgxHQWiR0QDGTSIVJuJ4AaABDqgBrfmVhgI,UCSLj2L6Fa78dtxFbbUarM8Q,2025-01-06T14:22:17.012164+00:00,0,47ULXAEN-vI,"{""text"":""source: fent user""}"
UgzvMg12aJTQGonen3F4AaABDqgB-7PYhgI,UCSLj2L6Fa78dtxFbbUarM8Q,2025-01-06T14:21:57.974368+00:00,0,47ULXAEN-vI,"{""text"":""Australia isn't real, it's an imaginary island funded by shady offshore banks""}"
UgxC3qBa0KVwQBfcriZ4AaABDqgBrtCTjAI,UCSLj2L6Fa78dtxFbbUarM8Q,2025-01-06T14:20:58.551304+00:00,0,47ULXAEN-vI,"{""text"":""the year is just a made up numberğŸ’€""}"
UgxEibLEWDLHfY0SoR14AaABDqgBgYehgAI,UCSLj2L6Fa78dtxFbbUarM8Q,2025-01-06T14:18:56.36798+00:00,0,47ULXAEN-vI,"{""text"":""lol""}"
UgxAZLgKifZEJANSROl4AaABDqgB2LCcjAI,UCSLj2L6Fa78dtxFbbUarM8Q,2025-01-06T14:18:51.928278+00:00,0,47ULXAEN-vI,"{""text"":""the moon is a ball controlled by floating giants""}"
Ugx_vJTxOQC0tsqvyFx4AaABDqgBsu3yjQI,UCSLj2L6Fa78dtxFbbUarM8Q,2025-01-06T14:16:42.333258+00:00,0,47ULXAEN-vI,"{""text"":""Matrix employee: umm guys... one broke free from the simulation""}"
UgxkLK_jEPI6TzyRXc14AaABDqgBh52thAI,UCSLj2L6Fa78dtxFbbUarM8Q,2025-01-06T14:15:26.055621+00:00,0,47ULXAEN-vI,"{""text"":""earth is flat, the CIA keeps us from reaching the ice walls""}"
Ugx16kA3E73ELZS2WSJ4AaABDqgB-avNhgI,UCSLj2L6Fa78dtxFbbUarM8Q,2025-01-06T14:13:48.949281+00:00,0,47ULXAEN-vI,"{""text"":""lol I'm obviously being sarcastic""}"
UgzMn-zBwlyZeTg3Fah4AaABDqgBx4LkiAI,UCSLj2L6Fa78dtxFbbUarM8Q,2025-01-06T14:13:16.569262+00:00,0,47ULXAEN-vI,"{""text"":""gravity isn't real""}"
UgzqwZBllCI8iJntkE54AaABDqgBl9PInwI,UCSLj2L6Fa78dtxFbbUarM8Q,2025-01-06T14:13:00.017739+00:00,0,47ULXAEN-vI,"{""text"":""earth is flat""}"
Ugzil_1Si8LDk8vTbuN4AaABDqgBqYeBhgI,UCSLj2L6Fa78dtxFbbUarM8Q,2025-01-06T14:12:54.30812+00:00,0,47ULXAEN-vI,"{""text"":""nah Robert Oppenheimer ain't real""}"
UgwiPdb-NJkPPn3emnh4AaABDqgB3MuFngI,UCSLj2L6Fa78dtxFbbUarM8Q,2025-01-06T14:12:09.024675+00:00,0,47ULXAEN-vI,"{""text"":""planes aren't real... how could a piece of metal fly""}"
Ugw4zzfLivBAmugN6Bl4AaABDqgB4InPhQI,UCSLj2L6Fa78dtxFbbUarM8Q,2025-01-06T14:10:45.052059+00:00,0,47ULXAEN-vI,"{""text"":""internet isn't real... I mean how could possibly an image travel through the air""}"
UgwkR2S72X4Dd55W3jp4AaABDqgBm-fqhgI,UCSLj2L6Fa78dtxFbbUarM8Q,2025-01-06T14:09:06.255567+00:00,0,47ULXAEN-vI,"{""text"":""phones aren't real too""}"
Ugx1T-Sizf-zIJGM8tV4AaABDqgBlLfIlQI,UCSLj2L6Fa78dtxFbbUarM8Q,2025-01-05T01:22:12.603562+00:00,0,TALL8G94vYY,"{""text"":""HDHSHSJAJWSHCSVSBHSGWGSHBRAY""}"
Ugxoe3tVgMCLHld9kxF4AaABDqgBpdHLkQI,UCSLj2L6Fa78dtxFbbUarM8Q,2025-01-05T01:21:11.57087+00:00,0,TALL8G94vYY,"{""text"":""HI""}"
UgwDzCiga56TGLEKDPF4AaABDqgB5I2CjgI,UCSLj2L6Fa78dtxFbbUarM8Q,2025-01-05T01:19:47.474326+00:00,0,TALL8G94vYY,"{""text"":""let's talk, honey""}"
UgxjaXRE4maGDm6jIeF4AaABDqgB7LzynAI,UCSLj2L6Fa78dtxFbbUarM8Q,2025-01-04T13:01:16.274531+00:00,0,n6a776w-RIg,"{""text"":""when you turn 20 or 30 enter a match and I'll donate a dollar""}"
UgztWHH0cwP82UjB4Zp4AaABDqgBnpOWgQI,UCSLj2L6Fa78dtxFbbUarM8Q,2025-01-04T12:56:16.423985+00:00,0,n6a776w-RIg,"{""text"":""lil bro, not having access to a gym or equipment doesn't mean you can't do it""}"
UgzfSwQP4rUpjnYDjdV4AaABDqgBsoTRlwI,UCSLj2L6Fa78dtxFbbUarM8Q,2025-01-04T12:50:50.549423+00:00,0,n6a776w-RIg,"{""text"":""W""}"
UgwK6tYMDfq6r0QzJ5l4AaABDqgB1f-QjwI,UCSLj2L6Fa78dtxFbbUarM8Q,2025-01-04T12:48:34.906397+00:00,0,n6a776w-RIg,"{""text"":""do you watch Mia khalifa or sweetie fox?""}"
UgzRSuH3H81p8SFPLYJ4AaABDqgB5dKNnAI,UCSLj2L6Fa78dtxFbbUarM8Q,2025-01-04T12:46:35.462662+00:00,0,n6a776w-RIg,"{""text"":""nah bruh don't believe yah straight""}"
Ugzbol4eU-eDcgpABD54AaABDqgB7LffjAI,UCSLj2L6Fa78dtxFbbUarM8Q,2025-01-04T12:45:08.906151+00:00,0,n6a776w-RIg,"{""text"":""don't do roids""}"
UgxdoLe9razUl2XsbDx4AaABDqgBmfbIiQI,UCSLj2L6Fa78dtxFbbUarM8Q,2025-01-04T12:39:30.644507+00:00,0,n6a776w-RIg,"{""text"":""all natty?""}"
Ugz4qendcATY0ZJUvJ14AaABDqgBh5vshgI,UCSLj2L6Fa78dtxFbbUarM8Q,2025-01-04T12:38:29.702368+00:00,0,n6a776w-RIg,"{""text"":""height in freedom units?""}"
UgzGRULf_ZyPWbnV3Vl4AaABDqgBq_TEmAI,UCSLj2L6Fa78dtxFbbUarM8Q,2025-01-04T12:38:07.948249+00:00,0,n6a776w-RIg,"{""text"":""fr""}"
UgwClWuRxZGnijmwVqh4AaABDqgBoo-BnAI,UCSLj2L6Fa78dtxFbbUarM8Q,2025-01-04T12:36:24.840829+00:00,0,n6a776w-RIg,"{""text"":""afraid of womenâŒ Sigmaâœ…""}"
Ugxbbv2f2paEdgD4AHB4AaABDqgBzMqwggI,UCSLj2L6Fa78dtxFbbUarM8Q,2025-01-04T12:35:59.944167+00:00,0,n6a776w-RIg,"{""text"":""bros a sigma fr""}"
UgzgecDti2irdc0GVS54AaABDqgBzt-7lQI,UCSLj2L6Fa78dtxFbbUarM8Q,2025-01-04T12:35:27.711541+00:00,0,n6a776w-RIg,"{""text"":""bro got his priorities right ğŸ”¥""}"
Ugw-HyBVzIQHQIaDRNx4AaABDqgBs6WPjQI,UCSLj2L6Fa78dtxFbbUarM8Q,2025-01-04T12:32:35.863187+00:00,0,n6a776w-RIg,"{""text"":""we need a counter""}"
UgxJOuDyHbyk8DG3TEp4AaABDqgBuuHjmAI,UCSLj2L6Fa78dtxFbbUarM8Q,2025-01-04T12:31:54.045915+00:00,0,n6a776w-RIg,"{""text"":""W""}"
UgyFqMfFyN-bPAGzGzB4AaABDqgBqc7HhgI,UCSLj2L6Fa78dtxFbbUarM8Q,2025-01-04T12:29:52.454722+00:00,0,n6a776w-RIg,"{""text"":""just subbed""}"
UgxcmpNAcI5QQu80JQB4AaABDqgBifmDjAI,UCSLj2L6Fa78dtxFbbUarM8Q,2025-01-04T12:29:42.211649+00:00,0,n6a776w-RIg,"{""text"":""can't count""}"
UgyXdMty0amxMAdqKp94AaABDqgBnoupgQI,UCSLj2L6Fa78dtxFbbUarM8Q,2025-01-04T12:28:50.342766+00:00,0,n6a776w-RIg,"{""text"":""punch bag for 30 times in 10 seconds and I'll sub""}"
UgwO2H9SjrIyP3-0NvB4AaABDqgBmpLCjQI,UCSLj2L6Fa78dtxFbbUarM8Q,2025-01-04T12:24:46.990295+00:00,0,n6a776w-RIg,"{""text"":""I'm cooked""}"
UgwUz9WUtocyyhWmbYp4AaABDqgBnbbajgI,UCSLj2L6Fa78dtxFbbUarM8Q,2025-01-04T12:24:41.001158+00:00,0,n6a776w-RIg,"{""text"":""punching bag looks like a ball sackğŸ’€""}"
UgySOliwdDN2vqxS1DV4AaABDqgB2afymgI,UCSLj2L6Fa78dtxFbbUarM8Q,2025-01-04T12:22:47.395317+00:00,0,n6a776w-RIg,"{""text"":""lol""}"
UgzIN7bzeL-V4FUOyqp4AaABDqgB7un8kwI,UCSLj2L6Fa78dtxFbbUarM8Q,2025-01-04T12:22:13.570917+00:00,0,n6a776w-RIg,"{""text"":""mannequin in the back looks traumatized by bro in bedğŸ’€""}"
Ugxoy_Izi-kcsYZRqel4AaABDqgB0OTrhAI,UCSLj2L6Fa78dtxFbbUarM8Q,2025-01-04T10:34:55.318862+00:00,0,pQdVFhCid9U,"{""text"":""he's Gandalf, he's never nervous!""}"
Ugw2SNW325D-bffxaWZ4AaABDqgBvobykQI,UCSLj2L6Fa78dtxFbbUarM8Q,2025-01-04T10:33:55.755562+00:00,0,pQdVFhCid9U,"{""text"":""never""}"
UgyC95Z2XAGHoFfOBXZ4AaABDqgB6NjKhQI,UCSLj2L6Fa78dtxFbbUarM8Q,2025-01-04T10:32:54.08288+00:00,0,pQdVFhCid9U,"{""text"":""you earned my sub Gandalf!""}"
Ugy0QVIF6BSC3Owxv2V4AaABDqgB6dOogAI,UCSLj2L6Fa78dtxFbbUarM8Q,2025-01-04T10:30:57.663927+00:00,0,pQdVFhCid9U,"{""text"":""Lord of the Rings""}"
UgwnegK3x-TODHVI-_B4AaABDqgB9-rRjQI,UCSLj2L6Fa78dtxFbbUarM8Q,2025-01-04T10:30:40.152737+00:00,0,pQdVFhCid9U,"{""text"":""Gandalf?""}"
Ugw4xlo_lawSibMVi3d4AaABDqgBi7XHnAI,UCSLj2L6Fa78dtxFbbUarM8Q,2025-01-03T09:05:44.287918+00:00,0,Orb45hnyhEE,"{""text"":""he apologize saying he would not avoid anything yet here we are""}"
Ugw80Va90WaydTEI0Ox4AaABDqgBq_OZkwI,UCSLj2L6Fa78dtxFbbUarM8Q,2024-12-25T16:50:37.35656+00:00,0,XQ3nij4zW70,"{""text"":""\""we got black female with an AR15 driving 120 in a 50\""ğŸ‘®""}"
UgxzS-SUDCRaLNDbRAJ4AaABDqgBupbFnQI,UCSLj2L6Fa78dtxFbbUarM8Q,2024-12-25T16:48:33.630216+00:00,0,XQ3nij4zW70,"{""text"":""STOP RESISTING ğŸ‘®""}"
UgwByVu3w7SEq89Qcu14AaABDqgBzc7QkQI,UCSLj2L6Fa78dtxFbbUarM8Q,2024-12-25T16:47:36.92503+00:00,0,XQ3nij4zW70,"{""text"":""bro it's 1 AMğŸ’€ how is it daytime?ğŸ’€""}"
UgwYuwq_g3vMgzC5wx94AaABDqgBl_abjgI,UCSLj2L6Fa78dtxFbbUarM8Q,2024-12-24T19:47:12.224987+00:00,0,4y3WYhlBQUw,"{""text"":""my comrades there's something better than simping""}"
UgzSw505YYyk5VTLjKV4AaABDqgB_af7kgI,UCSLj2L6Fa78dtxFbbUarM8Q,2024-12-24T19:46:34.967707+00:00,0,4y3WYhlBQUw,"{""text"":""comrade""}"
Ugz9pAH0LZ-aa53EQyh4AaABDqgBn-2jjgI,UCSLj2L6Fa78dtxFbbUarM8Q,2024-12-24T19:46:14.42522+00:00,0,4y3WYhlBQUw,"{""text"":""turn around and I'll sub""}"
UgyD-aUF_-CLGCJ2XlV4AaABDqgBzuq3gwI,UCSLj2L6Fa78dtxFbbUarM8Q,2024-12-23T05:33:30.558128+00:00,0,j54fN4jCldQ,"{""text"":""fun fact: reverse cowgirl and Doggystyle are the same thing in space""}"
UgwNZZrQmpsW1KB37l54AaABDqgBnsHxgQI,UCSLj2L6Fa78dtxFbbUarM8Q,2024-12-22T11:56:32.649937+00:00,0,XXRkDxZp6t4,"{""text"":""LOL everyone thought this is real""}"
UgyVQLXerEjFRtC5OOF4AaABDqgB1dPpnQI,UCSLj2L6Fa78dtxFbbUarM8Q,2024-12-15T01:33:11.9039+00:00,0,L62wwrcz-YE,"{""text"":""w""}"
Ugxi6ZHPZvcmVegTcnF4AaABDqgBmrv1jAI,UCSLj2L6Fa78dtxFbbUarM8Q,2024-12-15T01:14:58.115772+00:00,0,L62wwrcz-YE,"{""text"":""kitty secretly just a chill guy""}"
UgzzpgJufG75IsBMvR94AaABDqgBzc7xmgI,UCSLj2L6Fa78dtxFbbUarM8Q,2024-12-15T01:14:15.452997+00:00,0,L62wwrcz-YE,"{""text"":""cat just a chill guy""}"
UgxWroSFq8k_ACR_JsF4AaABDqgB5-zWiAI,UCSLj2L6Fa78dtxFbbUarM8Q,2024-12-12T02:17:26.227872+00:00,0,Hi5g-eJJ8X8,"{""text"":""bye ray""}"
Ugw8ZdAMov8gUC2XK2B4AaABDqgB8IewjgI,UCSLj2L6Fa78dtxFbbUarM8Q,2024-12-12T02:17:01.699602+00:00,0,Hi5g-eJJ8X8,"{""text"":""YFM?""}"
Ugx4AkP0qLlVIR16aRN4AaABDqgBhIaciwI,UCSLj2L6Fa78dtxFbbUarM8Q,2024-12-12T02:16:32.071173+00:00,0,Hi5g-eJJ8X8,"{""text"":""pls watch your own Livestream""}"
Ugx0CDx3idpYv0Q4YUd4AaABDqgB_sqImwI,UCSLj2L6Fa78dtxFbbUarM8Q,2024-12-12T02:16:09.022683+00:00,0,Hi5g-eJJ8X8,"{""text"":""watch your own Livestream""}"
Ugzk6IKShVfzL_BM3y14AaABDqgBudHolQI,UCSLj2L6Fa78dtxFbbUarM8Q,2024-12-12T02:12:24.839449+00:00,0,Hi5g-eJJ8X8,"{""text"":""watch your Livestream""}"
UgyxGLglhZqIzAsekGt4AaABDqgB-LTakgI,UCSLj2L6Fa78dtxFbbUarM8Q,2024-12-07T03:31:27.486784+00:00,0,QDZxWXKn6-4,"{""text"":""h""}"
UgxFYyCHMY9c60NSQE54AaABDqgB9oG3lwI,UCSLj2L6Fa78dtxFbbUarM8Q,2024-12-07T03:31:18.7502+00:00,0,QDZxWXKn6-4,"{""text"":""w""}"
UgyavjGL27n_Ty-Crk94AaABDqgB45GEjQI,UCSLj2L6Fa78dtxFbbUarM8Q,2024-12-07T03:30:28.414733+00:00,0,QDZxWXKn6-4,"{""text"":""PLAY FINAL FANTASY 7 REBIRTH""}"
UgycTbyrtjgKSFDjylV4AaABDqgBp5uimQI,UCSLj2L6Fa78dtxFbbUarM8Q,2024-12-07T03:29:53.70106+00:00,0,QDZxWXKn6-4,"{""text"":""FINAL FANTASY 7 REBIRTH""}"
Ugzzgrw43j4xOJ6MWb14AaABDqgBk56WmwI,UCSLj2L6Fa78dtxFbbUarM8Q,2024-12-07T03:29:27.664937+00:00,0,QDZxWXKn6-4,"{""text"":""PLAY FINAL FANTASY""}"
Ugwo_Tc3nCrd2VVglMt4AaABDqgBudr5mQI,UCSLj2L6Fa78dtxFbbUarM8Q,2024-12-07T03:29:23.57247+00:00,0,QDZxWXKn6-4,"{""text"":""play FINAL FANTASY""}"
UgwdvlRnjMxJMbsvjdF4AaABDqgBu8a_ngI,UCSLj2L6Fa78dtxFbbUarM8Q,2024-12-07T03:29:05.482158+00:00,0,QDZxWXKn6-4,"{""text"":""PLAY FINAL FANTASY""}"
UgwAifWeoM4x_YY1Fxp4AaABDqgB-LCFkwI,UCSLj2L6Fa78dtxFbbUarM8Q,2024-12-07T03:29:01.494158+00:00,0,QDZxWXKn6-4,"{""text"":""PLAY FINAL FANTASY""}"
UgyXBhlQXKp0YyLNyF54AaABDqgB28GkkQI,UCSLj2L6Fa78dtxFbbUarM8Q,2024-12-07T03:28:57.083449+00:00,0,QDZxWXKn6-4,"{""text"":""PLAY FINAL FANTASY""}"
UgzyJ1pX3OSNQI7pF-x4AaABDqgBmfiYnAI,UCSLj2L6Fa78dtxFbbUarM8Q,2024-12-07T03:28:17.583136+00:00,0,QDZxWXKn6-4,"{""text"":""play doom""}"
Ugxe9A2VEMt1kOtzs7F4AaABDqgBhrrbiAI,UCSLj2L6Fa78dtxFbbUarM8Q,2024-12-07T03:27:58.073981+00:00,0,QDZxWXKn6-4,"{""text"":""FINAL FANTASY""}"
Ugzd6bbHIsYQKUtPhkN4AaABDqgBhOqUiQI,UCSLj2L6Fa78dtxFbbUarM8Q,2024-12-07T03:27:54.045071+00:00,0,QDZxWXKn6-4,"{""text"":""FINAL FANTASY""}"
UgwDNmL6nFYfaKMK1lh4AaABDqgBg7KggAI,UCSLj2L6Fa78dtxFbbUarM8Q,2024-12-07T03:27:51.215643+00:00,0,QDZxWXKn6-4,"{""text"":""FINAL FANTASY""}"
UgzVfZ159sTeMBCxDQd4AaABDqgB-ImInQI,UCSLj2L6Fa78dtxFbbUarM8Q,2024-12-07T03:27:47.316776+00:00,0,QDZxWXKn6-4,"{""text"":""FINAL FANTASY""}"
UgyipUUnjShrbd_GhvJ4AaABDqgB-sGinwI,UCSLj2L6Fa78dtxFbbUarM8Q,2024-12-07T03:27:29.834309+00:00,0,QDZxWXKn6-4,"{""text"":""FINAL FANTASY""}"
UgyvvgsWQoFNxj0Rp5N4AaABDqgBrsnOkwI,UCSLj2L6Fa78dtxFbbUarM8Q,2024-12-07T03:27:19.222648+00:00,0,QDZxWXKn6-4,"{""text"":""FINAL FANTASY""}"
UgyGe5gmiwzMGwfbF5l4AaABDqgBv62DhQI,UCSLj2L6Fa78dtxFbbUarM8Q,2024-12-07T03:25:06.099101+00:00,0,QDZxWXKn6-4,"{""text"":""FINAL FANTASY""}"
UgybJ2-7l9copTqADWZ4AaABDqgBnLainQI,UCSLj2L6Fa78dtxFbbUarM8Q,2024-12-07T03:24:55.353178+00:00,0,QDZxWXKn6-4,"{""text"":""FINAL FANTASY""}"
UgwhQqeTVnIYuQJLD-V4AaABDqgBiM34ngI,UCSLj2L6Fa78dtxFbbUarM8Q,2024-12-07T03:24:38.203533+00:00,0,QDZxWXKn6-4,"{""text"":""FINAL FANTASY""}"
UgxNcY_P-hJrt0hxPdd4AaABDqgBx_zamAI,UCSLj2L6Fa78dtxFbbUarM8Q,2024-12-07T03:23:57.370564+00:00,0,QDZxWXKn6-4,"{""text"":""final fantasy""}"
Ugwqk1t1OQOeZL2s5X54AaABDqgB0aWpjwI,UCSLj2L6Fa78dtxFbbUarM8Q,2024-12-07T03:23:53.755426+00:00,0,QDZxWXKn6-4,"{""text"":""final fantasy""}"
Ugyri8hADotpsaFwrcN4AaABDqgB94a9gwI,UCSLj2L6Fa78dtxFbbUarM8Q,2024-12-07T03:23:50.315802+00:00,0,QDZxWXKn6-4,"{""text"":""final fantasy""}"
UgzLLT0n1dZUWWPaOMB4AaABDqgBwKfymgI,UCSLj2L6Fa78dtxFbbUarM8Q,2024-12-07T03:23:46.136804+00:00,0,QDZxWXKn6-4,"{""text"":""final fantasy""}"
UgwIQbbK0MEf7aTaoBx4AaABDqgB7qCFigI,UCSLj2L6Fa78dtxFbbUarM8Q,2024-12-07T03:21:57.421238+00:00,0,QDZxWXKn6-4,"{""text"":""TWO GIRLS ONE CUP""}"
Ugx1eFBm4sIfkbUyBRt4AaABDqgBtbTNjQI,UCSLj2L6Fa78dtxFbbUarM8Q,2024-12-07T03:21:33.696573+00:00,0,QDZxWXKn6-4,"{""text"":""final fantasy""}"
Ugz6gsOHT91RWre8eg54AaABDqgBpM_vkAI,UCSLj2L6Fa78dtxFbbUarM8Q,2024-12-07T03:21:30.83116+00:00,0,QDZxWXKn6-4,"{""text"":""final fantasy vii""}"
UgzbxGwz2Pb3THtZCv14AaABDqgB2o2gkwI,UCSLj2L6Fa78dtxFbbUarM8Q,2024-12-07T03:21:27.720836+00:00,0,QDZxWXKn6-4,"{""text"":""final FANTASY""}"
Ugy-FY55TQjmA1Z8kp14AaABDqgB9ui9ngI,UCSLj2L6Fa78dtxFbbUarM8Q,2024-12-07T03:21:23.430522+00:00,0,QDZxWXKn6-4,"{""text"":""final fantasy""}"
Ugx7ziSOX9frOBdMtCB4AaABDqgB5_aCnQI,UCSLj2L6Fa78dtxFbbUarM8Q,2024-12-07T03:21:20.641707+00:00,0,QDZxWXKn6-4,"{""text"":""final fantasy""}"
Ugx48j4TGC4TbDoOERF4AaABDqgB-pzVhAI,UCSLj2L6Fa78dtxFbbUarM8Q,2024-12-07T03:21:17.612544+00:00,0,QDZxWXKn6-4,"{""text"":""final fantasy""}"
UgyMqfjBcXlDMJqmvBt4AaABDqgBke6QlwI,UCSLj2L6Fa78dtxFbbUarM8Q,2024-12-07T03:21:14.898248+00:00,0,QDZxWXKn6-4,"{""text"":""final fantasy""}"
Ugx_3Hg81MJruz3WhON4AaABDqgB6eXDnwI,UCSLj2L6Fa78dtxFbbUarM8Q,2024-12-07T03:21:11.926468+00:00,0,QDZxWXKn6-4,"{""text"":""final fantasy""}"
Ugy143ERvYO9UJNOn4J4AaABDqgB_daykAI,UCSLj2L6Fa78dtxFbbUarM8Q,2024-12-07T03:21:08.598425+00:00,0,QDZxWXKn6-4,"{""text"":""final fantasy""}"
UgwIx2d9aLmwobMmt-B4AaABDqgB043vmAI,UCSLj2L6Fa78dtxFbbUarM8Q,2024-12-07T03:21:05.478726+00:00,0,QDZxWXKn6-4,"{""text"":""final fantasy""}"
UgzKGqiix_NmSuhdu6R4AaABDqgBvNvShQI,UCSLj2L6Fa78dtxFbbUarM8Q,2024-12-07T03:21:01.50749+00:00,0,QDZxWXKn6-4,"{""text"":""final fantasy""}"
UgwOZzFR_nG6d6cOymh4AaABDqgBqqHZnQI,UCSLj2L6Fa78dtxFbbUarM8Q,2024-12-07T03:20:54.053444+00:00,0,QDZxWXKn6-4,"{""text"":""final fantasy""}"
UgyB9-20VCuaRTmcWQF4AaABDqgBo7DQjAI,UCSLj2L6Fa78dtxFbbUarM8Q,2024-12-07T03:20:50.115941+00:00,0,QDZxWXKn6-4,"{""text"":""final fantasy""}"
UgwVs0xyqrud0UEV-t14AaABDqgB8pbmgAI,UCSLj2L6Fa78dtxFbbUarM8Q,2024-12-07T03:20:36.169343+00:00,0,QDZxWXKn6-4,"{""text"":""thick of it""}"
UgynBE96iT_RKWo55td4AaABDqgB6aHqiAI,UCSLj2L6Fa78dtxFbbUarM8Q,2024-12-07T03:20:30.653282+00:00,0,QDZxWXKn6-4,"{""text"":""thick of it""}"
UgyfgFIeRgvOOH7vLVF4AaABDqgBpoWXnQI,UCSLj2L6Fa78dtxFbbUarM8Q,2024-12-07T03:20:20.035964+00:00,0,QDZxWXKn6-4,"{""text"":""thick of it""}"
UgzVo5Nk4JaCEb1EK3t4AaABDqgB7IXxggI,UCSLj2L6Fa78dtxFbbUarM8Q,2024-12-07T03:20:13.332152+00:00,0,QDZxWXKn6-4,"{""text"":""thick of it""}"
Ugyg6WtYnl-T1MJbtGV4AaABDqgBxdHPkQI,UCSLj2L6Fa78dtxFbbUarM8Q,2024-12-07T03:20:01.532299+00:00,0,QDZxWXKn6-4,"{""text"":""THICK OF IT""}"
Ugx-ehnQAKE8ZV-4ki54AaABDqgBsaDUnAI,UCSLj2L6Fa78dtxFbbUarM8Q,2024-12-07T03:19:56.296916+00:00,0,QDZxWXKn6-4,"{""text"":""FINAL FANTASY""}"
UgyQCNMgL-nV13TeIgJ4AaABDqgBjOvSiwI,UCSLj2L6Fa78dtxFbbUarM8Q,2024-12-07T03:19:52.165491+00:00,0,QDZxWXKn6-4,"{""text"":""FINAL FANTASY""}"
UgxXPuy3xu2-0kzS-hZ4AaABDqgBgdHdjQI,UCSLj2L6Fa78dtxFbbUarM8Q,2024-12-07T03:19:45.227677+00:00,0,QDZxWXKn6-4,"{""text"":""FINAL FANTASY""}"
Ugy5iQv4NYmC9ZW3qAZ4AaABDqgBmcmumAI,UCSLj2L6Fa78dtxFbbUarM8Q,2024-12-07T03:19:13.150418+00:00,0,QDZxWXKn6-4,"{""text"":""shut up mrbeast""}"
UgyychvVLrUPfSkZV8Z4AaABDqgBwIfEhQI,UCSLj2L6Fa78dtxFbbUarM8Q,2024-12-07T03:18:46.215541+00:00,0,QDZxWXKn6-4,"{""text"":""FINAL FANTASY""}"
UgxlRN4T-QVxkJXIyd94AaABDqgBk-HkiAI,UCSLj2L6Fa78dtxFbbUarM8Q,2024-12-07T03:18:35.460667+00:00,0,QDZxWXKn6-4,"{""text"":""final fantasy""}"
Ugy1Rhvqp1seAe_rkpF4AaABDqgBoqKIjQI,UCSLj2L6Fa78dtxFbbUarM8Q,2024-12-07T03:18:26.26334+00:00,0,QDZxWXKn6-4,"{""text"":"""",""emoji"":{""customEmojiUrl"":""Failed to get emoji URL""}}"
UgyDt-qLp6_Z1qust1B4AaABDqgBt9CMjwI,UCSLj2L6Fa78dtxFbbUarM8Q,2024-12-07T03:17:55.425431+00:00,0,QDZxWXKn6-4,"{""text"":""RAY U OKAY""}"
UgxayFT_ShiD9CufV-p4AaABDqgBv-famAI,UCSLj2L6Fa78dtxFbbUarM8Q,2024-12-07T03:17:43.162264+00:00,0,QDZxWXKn6-4,"{""text"":""ray u good?""}"
UgzjOP7h72Z3cY77WHN4AaABDqgB3976iwI,UCSLj2L6Fa78dtxFbbUarM8Q,2024-12-07T03:17:08.098081+00:00,0,QDZxWXKn6-4,"{""text"":""RAY U DOIN FINE?""}"
UgyfxOGK3o78jSluNPt4AaABDqgBxdjbhgI,UCSLj2L6Fa78dtxFbbUarM8Q,2024-12-07T03:16:49.405684+00:00,0,QDZxWXKn6-4,"{""text"":""guys pause for a min""}"
UgzT61aDJE8N6nBlf5t4AaABDqgBlL-1hQI,UCSLj2L6Fa78dtxFbbUarM8Q,2024-12-07T03:15:34.823561+00:00,0,QDZxWXKn6-4,"{""text"":""lawsuit update""}"
UgwhhCj9dWfZkG-UNIJ4AaABDqgB_eWDhAI,UCSLj2L6Fa78dtxFbbUarM8Q,2024-12-07T03:15:31.31675+00:00,0,QDZxWXKn6-4,"{""text"":""lawsuit update""}"
Ugw_h4LKUtwTopCdDw14AaABDqgB-oqnngI,UCSLj2L6Fa78dtxFbbUarM8Q,2024-12-07T03:15:26.696581+00:00,0,QDZxWXKn6-4,"{""text"":""lawsuit update""}"
UgxiGE0_q03-MQeXeLJ4AaABDqgBj4LJhAI,UCSLj2L6Fa78dtxFbbUarM8Q,2024-12-07T03:15:06.687041+00:00,0,QDZxWXKn6-4,"{""text"":""RAY U OKAY""}"
Ugx6OVYIghrMVYX1Kid4AaABDqgB9dP7lgI,UCSLj2L6Fa78dtxFbbUarM8Q,2024-12-07T03:14:43.686453+00:00,0,QDZxWXKn6-4,"{""text"":""RAY U LOOK DEPRESSED""}"
UgyDyPyOBsPlClU_z9J4AaABDqgBhOLJnQI,UCSLj2L6Fa78dtxFbbUarM8Q,2024-12-07T03:13:57.024514+00:00,0,QDZxWXKn6-4,"{""text"":""RAY U OKAY?""}"
UgzmgsQblr7uvWodDqV4AaABDqgBrPyWmgI,UCSLj2L6Fa78dtxFbbUarM8Q,2024-12-07T03:13:21.331386+00:00,0,QDZxWXKn6-4,"{""text"":""Ray u okay?""}"
UgyYIfFnZTGjbZ-rHKt4AaABDqgBzLbwmwI,UCSLj2L6Fa78dtxFbbUarM8Q,2024-12-07T03:11:44.527184+00:00,0,QDZxWXKn6-4,"{""text"":""u good ray?""}"
UgyZ4s3nc_fvw9OcNhd4AaABDqgBy-6ghQI,UCSLj2L6Fa78dtxFbbUarM8Q,2024-12-07T01:05:52.702669+00:00,0,Os0Yo4g-Ezw,"{""text"":""guys it's December 7 I'm from the future""}"
Ugwkkb4rA-unf71MbbJ4AaABDqgB1IvKhwI,UCSLj2L6Fa78dtxFbbUarM8Q,2024-12-03T18:43:03.183091+00:00,0,rEH_n_0l7ec,"{""text"":""we got Philippine Diddy before GTA 6 ğŸ’€""}"
UgwTfclxigzgLZR4Dpp4AaABDqgBucC2jwI,UCSLj2L6Fa78dtxFbbUarM8Q,2024-12-03T18:42:51.327729+00:00,0,rEH_n_0l7ec,"{""text"":""W""}"
Ugxwfnk5vm3WjGnUbV14AaABDqgB7u6XmQI,UCSLj2L6Fa78dtxFbbUarM8Q,2024-12-03T18:42:45.29984+00:00,0,rEH_n_0l7ec,"{""text"":""d""}"
UgwLyivNYwIzvbVzu754AaABDqgBurC4kAI,UCSLj2L6Fa78dtxFbbUarM8Q,2024-12-03T18:42:31.134364+00:00,0,rEH_n_0l7ec,"{""text"":""we got Philippine Diddy before GTA 6ğŸ’€""}"
UgxcIW3JyNfcmTh8Igt4AaABDqgBvL7kgQI,UCSLj2L6Fa78dtxFbbUarM8Q,2024-11-30T05:47:13.852077+00:00,0,Yctp-m08Wbw,"{""text"":""\""it's very cold in our village\"" the village:""}"
Ugz2eZ9Tkeu7CIP_8Sl4AaABDqgBkK-hkgI,UCSLj2L6Fa78dtxFbbUarM8Q,2024-11-23T18:14:43.365026+00:00,0,Ad3UXWrbFyw,"{""text"":""nlgga""}"
UgyoRtXvY8DKK3xwys94AaABDqgB6eOWhAI,UCSLj2L6Fa78dtxFbbUarM8Q,2024-11-23T18:14:38.853453+00:00,0,Ad3UXWrbFyw,"{""text"":""nlgga""}"
Ugy7LZoxdrPY2Vgt5O54AaABDqgB-sDxhQI,UCSLj2L6Fa78dtxFbbUarM8Q,2024-11-23T18:14:35.55544+00:00,0,Ad3UXWrbFyw,"{""text"":""nlgga""}"
UgzvwbP7SDIfEZWpNpJ4AaABDqgB3ZWRmgI,UCSLj2L6Fa78dtxFbbUarM8Q,2024-11-23T18:14:32.862152+00:00,0,Ad3UXWrbFyw,"{""text"":""nlgga""}"
Ugz1pRrE2Egg0RqQNyp4AaABDqgBwZHfggI,UCSLj2L6Fa78dtxFbbUarM8Q,2024-11-23T18:14:30.024103+00:00,0,Ad3UXWrbFyw,"{""text"":""nlggaa""}"
UgzG-Ja4LBZRdloeu-N4AaABDqgBzOiTlAI,UCSLj2L6Fa78dtxFbbUarM8Q,2024-11-23T18:14:25.715955+00:00,0,Ad3UXWrbFyw,"{""text"":""nlgga""}"
Ugzgr45aLHIaUfqzznR4AaABDqgBkpeRngI,UCSLj2L6Fa78dtxFbbUarM8Q,2024-11-23T18:14:20.294378+00:00,0,Ad3UXWrbFyw,"{""text"":""nlgga""}"
Ugwb57GTknJPK-phrP94AaABDqgB27W9hwI,UCSLj2L6Fa78dtxFbbUarM8Q,2024-11-23T18:14:06.184902+00:00,0,Ad3UXWrbFyw,"{""text"":""nlgga""}"
Ugwo9ETCIXn5o2W_Ahl4AaABDqgB0InmmQI,UCSLj2L6Fa78dtxFbbUarM8Q,2024-11-23T18:14:02.438753+00:00,0,Ad3UXWrbFyw,"{""text"":""ngaa""}"
Ugz40Vhy95z3l0ZvdnB4AaABDqgB6rjAlAI,UCSLj2L6Fa78dtxFbbUarM8Q,2024-11-23T18:13:52.753336+00:00,0,Ad3UXWrbFyw,"{""text"":""nigha""}"
UgwrqGqYZCy5ESQmwxZ4AaABDqgB25u2gwI,UCSLj2L6Fa78dtxFbbUarM8Q,2024-11-23T18:13:23.859557+00:00,0,Ad3UXWrbFyw,"{""text"":""I HATE NlQGAS""}"
Ugxa_zh_JIRmeGrQXn54AaABDqgBsYipkQI,UCSLj2L6Fa78dtxFbbUarM8Q,2024-11-23T18:13:08.155047+00:00,0,Ad3UXWrbFyw,"{""text"":""nlgga""}"
UgyTmyEdsSBtqfk-IMd4AaABDqgBt-fdngI,UCSLj2L6Fa78dtxFbbUarM8Q,2024-11-23T18:13:03.605717+00:00,0,Ad3UXWrbFyw,"{""text"":""nq""}"
UgyITImFdD2ii_oeKyN4AaABDqgB963wmwI,UCSLj2L6Fa78dtxFbbUarM8Q,2024-11-23T18:12:51.106827+00:00,0,Ad3UXWrbFyw,"{""text"":""nlqga""}"
UgylCzwNw80fmVb2EkR4AaABDqgB2bO2jwI,UCSLj2L6Fa78dtxFbbUarM8Q,2024-11-23T18:12:46.03054+00:00,0,Ad3UXWrbFyw,"{""text"":""niqqer""}"
Ugz5DLxvYZTGbovBMqF4AaABDqgBvqTVnAI,UCSLj2L6Fa78dtxFbbUarM8Q,2024-11-23T18:12:38.076096+00:00,0,Ad3UXWrbFyw,"{""text"":""nlqqa""}"
UgxckYuNree3v5T2KiR4AaABDqgBm56LkwI,UCSLj2L6Fa78dtxFbbUarM8Q,2024-11-23T18:12:30.229793+00:00,0,Ad3UXWrbFyw,"{""text"":""this stream bouta get taken down""}"
Ugxy9YPDF2kEas_dwPR4AaABDqgBvo7JmQI,UCSLj2L6Fa78dtxFbbUarM8Q,2024-11-23T18:11:55.0224+00:00,0,Ad3UXWrbFyw,"{""text"":""nqqa""}"
UgwsTM3JvFYQ7PFnQ0V4AaABDqgBppmmnwI,UCSLj2L6Fa78dtxFbbUarM8Q,2024-11-23T18:11:48.901352+00:00,0,Ad3UXWrbFyw,"{""text"":""niqqa""}"
UgzhQkFm-8zF_W2dhPh4AaABDqgBn77GlQI,UCSLj2L6Fa78dtxFbbUarM8Q,2024-11-23T18:11:43.777293+00:00,0,Ad3UXWrbFyw,"{""text"":""niqga""}"
UgwM-znK3dNxJti2tqZ4AaABDqgBuvKZiwI,UCSLj2L6Fa78dtxFbbUarM8Q,2024-11-08T06:11:01.146127+00:00,0,3NSFG-AvPtY,"{""text"":""ğŸ‡ºğŸ‡²ğŸ‡ºğŸ‡²ğŸ‡ºğŸ‡²ğŸ‡ºğŸ‡²ğŸ‡ºğŸ‡²ğŸ¦…ğŸ¦…ğŸ¦…ğŸ¦…ğŸ¦…ğŸ¦…""}"
Ugyd9rhG4iBMykyrez14AaABDqgBw6__mgI,UCSLj2L6Fa78dtxFbbUarM8Q,2024-11-08T06:10:02.952781+00:00,0,3NSFG-AvPtY,"{""text"":""I FEEL SO PATRIOTIC RIGHT NOWğŸ‡ºğŸ‡²ğŸ‡ºğŸ‡² ğŸ‡ºğŸ‡²ğŸ‡ºğŸ‡²ğŸ‡ºğŸ‡²ğŸ‡ºğŸ‡²ğŸ¦…ğŸ¦…ğŸ¦…ğŸ›¢ï¸ğŸ›¢ï¸ğŸ›¢ï¸ğŸ›¢ï¸ğŸ›¢ï¸ğŸ›¢ï¸ğŸ›¢ï¸ğŸ›¢ï¸""}"
UgwTD0ggyttRUqElCUp4AaABDqgB39uggAI,UCSLj2L6Fa78dtxFbbUarM8Q,2024-11-08T06:09:53.377611+00:00,0,3NSFG-AvPtY,"{""text"":""I FEEL SO PATRIOTIC RIGHT NOWğŸ‡ºğŸ‡²ğŸ‡ºğŸ‡² ğŸ‡ºğŸ‡²ğŸ‡ºğŸ‡²ğŸ‡ºğŸ‡²ğŸ‡ºğŸ‡²ğŸ¦…ğŸ¦…ğŸ¦…ğŸ›¢ï¸ğŸ›¢ï¸ğŸ›¢ï¸ğŸ›¢ï¸ğŸ›¢ï¸ğŸ›¢ï¸ğŸ›¢ï¸ğŸ›¢ï¸""}"
Ugwc1DK2KujTX-chlFN4AaABDqgB5c-igQI,UCSLj2L6Fa78dtxFbbUarM8Q,2024-11-08T06:09:43.053325+00:00,0,3NSFG-AvPtY,"{""text"":""I FEEL SO PATRIOTIC RIGHT NOWğŸ‡ºğŸ‡²ğŸ‡ºğŸ‡² ğŸ‡ºğŸ‡²ğŸ‡ºğŸ‡²ğŸ‡ºğŸ‡²ğŸ‡ºğŸ‡²ğŸ¦…ğŸ¦…ğŸ¦…ğŸ›¢ï¸ğŸ›¢ï¸ğŸ›¢ï¸ğŸ›¢ï¸ğŸ›¢ï¸ğŸ›¢ï¸ğŸ›¢ï¸ğŸ›¢ï¸""}"
UgyLibpdeE9AtLUKL_94AaABDqgBzKOIjAI,UCSLj2L6Fa78dtxFbbUarM8Q,2024-11-08T06:09:30.163845+00:00,0,3NSFG-AvPtY,"{""text"":""I FEEL SO PATRIOTIC RIGHT NOWğŸ‡ºğŸ‡²ğŸ‡ºğŸ‡² ğŸ‡ºğŸ‡²ğŸ‡ºğŸ‡²ğŸ‡ºğŸ‡²ğŸ‡ºğŸ‡²ğŸ¦…ğŸ¦…ğŸ¦…ğŸ›¢ï¸ğŸ›¢ï¸ğŸ›¢ï¸ğŸ›¢ï¸ğŸ›¢ï¸ğŸ›¢ï¸ğŸ›¢ï¸ğŸ›¢ï¸""}"
UgyUdVpvHyviNNcrh5d4AaABDqgByOWqgQI,UCSLj2L6Fa78dtxFbbUarM8Q,2024-11-08T06:09:27.452667+00:00,0,3NSFG-AvPtY,"{""text"":""I FEEL SO PATRIOTIC RIGHT NOWğŸ‡ºğŸ‡²ğŸ‡ºğŸ‡² ğŸ‡ºğŸ‡²ğŸ‡ºğŸ‡²ğŸ‡ºğŸ‡²ğŸ‡ºğŸ‡²ğŸ¦…ğŸ¦…ğŸ¦…ğŸ›¢ï¸ğŸ›¢ï¸ğŸ›¢ï¸ğŸ›¢ï¸ğŸ›¢ï¸ğŸ›¢ï¸ğŸ›¢ï¸ğŸ›¢ï¸""}"
Ugwlp1NRUCAHvn0zEWl4AaABDqgB5tPUggI,UCSLj2L6Fa78dtxFbbUarM8Q,2024-11-08T06:08:53.741696+00:00,0,3NSFG-AvPtY,"{""text"":""ğŸ‡ºğŸ‡²ğŸ‡ºğŸ‡²ğŸ‡ºğŸ‡²ğŸ‡ºğŸ‡²ğŸ‡ºğŸ‡²ğŸ‡ºğŸ‡²""}"
UgyN2sfKKSiv4TRszCV4AaABDqgBwKOeigI,UCSLj2L6Fa78dtxFbbUarM8Q,2024-11-08T06:08:49.434713+00:00,0,3NSFG-AvPtY,"{""text"":""AMERICAğŸ¦…ğŸ¦…ğŸ¦…ğŸ¦…ğŸ¦…ğŸ‡ºğŸ‡²ğŸ‡ºğŸ‡²ğŸ‡ºğŸ‡²ğŸ‡ºğŸ‡²ğŸ‡ºğŸ‡²ğŸ‡ºğŸ‡²""}"
Ugwmit6YkXTvvS6fJTR4AaABDqgB7ZqVigI,UCSLj2L6Fa78dtxFbbUarM8Q,2024-11-08T06:08:32.190677+00:00,0,3NSFG-AvPtY,"{""text"":""MAKE AMERICA STRAIGHT AGAINğŸ‡ºğŸ‡²ğŸ‡ºğŸ‡²ğŸ‡ºğŸ‡²ğŸ‡ºğŸ‡²ğŸ‡ºğŸ‡²ğŸ¦…ğŸ¦…ğŸ¦…ğŸ¦…ğŸ¦…ğŸ¦…ğŸ›¢ï¸ğŸ›¢ï¸ğŸ›¢ï¸ğŸ›¢ï¸ğŸ›¢ï¸""}"
UgxvmF4qHFrwIt7vAgl4AaABDqgB-5nPiAI,UCSLj2L6Fa78dtxFbbUarM8Q,2024-11-08T06:08:17.025666+00:00,0,3NSFG-AvPtY,"{""text"":""ğŸ‡ºğŸ‡²ğŸ‡ºğŸ‡²ğŸ‡ºğŸ‡²ğŸ‡ºğŸ‡²ğŸ‡ºğŸ‡²ğŸ‡ºğŸ‡²ğŸ‡ºğŸ‡²ğŸ‡ºğŸ‡²ğŸ‡ºğŸ‡²ğŸ‡ºğŸ‡²ğŸ‡ºğŸ‡²ğŸ‡ºğŸ‡²ğŸ‡ºğŸ‡²ğŸ‡ºğŸ‡²ğŸ‡ºğŸ‡²""}"
Ugw7sV1P6NjVWmg7j3Z4AaABDqgB56DzhQI,UCSLj2L6Fa78dtxFbbUarM8Q,2024-11-08T06:08:06.618446+00:00,0,3NSFG-AvPtY,"{""text"":""I LOVE FREEDOM ğŸ¦…ğŸ›¢ï¸ğŸ‡ºğŸ‡²ğŸ¦…ğŸ¦…ğŸ‡ºğŸ‡²ğŸ‡ºğŸ‡²ğŸ¦…ğŸ‡ºğŸ‡²""}"
Ugx5uRP3QHBuSmp61et4AaABDqgBxYrjgwI,UCSLj2L6Fa78dtxFbbUarM8Q,2024-11-08T06:07:52.14288+00:00,0,3NSFG-AvPtY,"{""text"":""FREEDOM BOYS ğŸ¦…ğŸ¦…ğŸ¦…ğŸ¦…ğŸ¦…ğŸ‡ºğŸ‡²ğŸ›¢ï¸ ğŸ›¢ï¸ğŸ›¢ï¸ğŸ›¢ï¸ğŸ›¢ï¸ğŸ›¢ï¸ğŸ‡ºğŸ‡²ğŸ¦…ğŸ›¢ï¸ğŸ‡ºğŸ‡²ğŸ¦…""}"
UgzCYWQi1cBAeyzGANh4AaABDqgB6ZqVnQI,UCSLj2L6Fa78dtxFbbUarM8Q,2024-11-08T06:07:35.730995+00:00,0,3NSFG-AvPtY,"{""text"":""FREEDOM BOYSğŸ¦…ğŸ¦…ğŸ¦…ğŸ¦…ğŸ›¢ï¸ğŸ›¢ï¸ğŸ›¢ï¸ğŸ‡ºğŸ‡²ğŸ‡ºğŸ‡²ğŸ‡ºğŸ‡²ğŸ‡ºğŸ‡²""}"
UgzUMV3hj5JXlbsRGO54AaABDqgBpdyEhAI,UCSLj2L6Fa78dtxFbbUarM8Q,2024-11-08T06:07:25.19524+00:00,0,3NSFG-AvPtY,"{""text"":""FREEDOM BABYğŸ‡ºğŸ‡²ğŸ‡ºğŸ‡²ğŸ‡ºğŸ‡²ğŸ‡ºğŸ‡²ğŸ‡ºğŸ‡²ğŸ¦…ğŸ¦…ğŸ¦…ğŸ¦…ğŸ¦…ğŸ›¢ï¸ğŸ›¢ï¸ğŸ›¢ï¸ğŸ›¢ï¸ğŸ›¢ï¸""}"
UgwYaILpskPN4QBzxyp4AaABDqgBjonHngI,UCSLj2L6Fa78dtxFbbUarM8Q,2024-11-08T06:07:15.186881+00:00,0,3NSFG-AvPtY,"{""text"":""ğŸ‡·ğŸ‡ºğŸ‡·ğŸ‡ºğŸ‡·ğŸ‡ºğŸ‡·ğŸ‡ºğŸ‡·ğŸ‡ºğŸ‡·ğŸ‡ºğŸ‡·ğŸ‡ºğŸ‡·ğŸ‡ºğŸ‡·ğŸ‡ºğŸ‡·ğŸ‡º""}"
UgyZ4PQSpvZV1iwce-F4AaABDqgBqKOTkAI,UCSLj2L6Fa78dtxFbbUarM8Q,2024-11-08T06:07:10.22588+00:00,0,3NSFG-AvPtY,"{""text"":""COMRADESğŸ‡·ğŸ‡ºğŸ‡·ğŸ‡ºğŸ‡·ğŸ‡ºğŸ‡·ğŸ‡ºğŸ‡·ğŸ‡ºğŸ‡·ğŸ‡ºğŸ‡·ğŸ‡ºğŸ‡·ğŸ‡ºğŸ‡·ğŸ‡ºğŸ‡·ğŸ‡ºğŸ‡·ğŸ‡ºğŸ‡·ğŸ‡º""}"
Ugz_CJ3Ky__tmsTrl3p4AaABDqgBq_jahAI,UCSLj2L6Fa78dtxFbbUarM8Q,2024-11-08T06:07:01.396535+00:00,0,3NSFG-AvPtY,"{""text"":""ğŸ‡·ğŸ‡ºğŸ‡·ğŸ‡ºğŸ‡·ğŸ‡ºğŸ‡·ğŸ‡ºğŸ‡·ğŸ‡ºğŸ‡·ğŸ‡ºğŸ‡·ğŸ‡ºğŸ‡·ğŸ‡ºğŸ‡·ğŸ‡ºğŸ‡·ğŸ‡ºğŸ‡·ğŸ‡ºğŸ‡·ğŸ‡ºğŸ‡·ğŸ‡ºğŸ‡·ğŸ‡ºğŸ‡·ğŸ‡ºğŸ‡·ğŸ‡ºğŸ‡·ğŸ‡ºğŸ‡·ğŸ‡º""}"
Ugyn3WrxxmwDLT-7d6N4AaABDqgB37rykAI,UCSLj2L6Fa78dtxFbbUarM8Q,2024-11-08T06:06:54.767811+00:00,0,3NSFG-AvPtY,"{""text"":""ğŸ‡·ğŸ‡ºğŸ‡·ğŸ‡ºğŸ‡·ğŸ‡ºğŸ‡·ğŸ‡ºğŸ‡·ğŸ‡ºğŸ‡·ğŸ‡º""}"
Ugw77Y1fHEuTQLZ2HIt4AaABDqgB5cyDhAI,UCSLj2L6Fa78dtxFbbUarM8Q,2024-11-08T06:06:50.246117+00:00,0,3NSFG-AvPtY,"{""text"":""ğŸ‡·ğŸ‡ºğŸ‡·ğŸ‡ºğŸ‡·ğŸ‡ºğŸ‡·ğŸ‡ºğŸ‡·ğŸ‡ºğŸ‡·ğŸ‡ºğŸ‡·ğŸ‡º""}"
Ugznw2HEdB6XyJ5uCiB4AaABDqgB7M-NngI,UCSLj2L6Fa78dtxFbbUarM8Q,2024-11-08T06:06:41.286215+00:00,0,3NSFG-AvPtY,"{""text"":""ğŸ‡ºğŸ‡²ğŸ‡ºğŸ‡²ğŸ‡ºğŸ‡²ğŸ‡ºğŸ‡²ğŸ‡ºğŸ‡²ğŸ‡ºğŸ‡²ğŸ‡ºğŸ‡²ğŸ‡ºğŸ‡²""}"
Ugz8N2_0hSGP8d13AM14AaABDqgBq5H-kAI,UCSLj2L6Fa78dtxFbbUarM8Q,2024-11-08T06:06:34.435272+00:00,0,3NSFG-AvPtY,"{""text"":""ğŸ‡ºğŸ‡²ğŸ‡ºğŸ‡²ğŸ‡ºğŸ‡²ğŸ‡ºğŸ‡²ğŸ‡ºğŸ‡²ğŸ‡ºğŸ‡²ğŸ‡ºğŸ‡²ğŸ‡ºğŸ‡²ğŸ‡ºğŸ‡²ğŸ‡ºğŸ‡²ğŸ‡ºğŸ‡²""}"
Ugw276GKriy8tuqZ8_N4AaABDqgB8MjbmwI,UCSLj2L6Fa78dtxFbbUarM8Q,2024-11-08T06:06:27.819437+00:00,0,3NSFG-AvPtY,"{""text"":""FREEDOM ğŸ¦…ğŸ¦…ğŸ¦…ğŸ‡ºğŸ‡²ğŸ‡ºğŸ‡²ğŸ‡ºğŸ‡²ğŸ‡ºğŸ‡²""}"
UgzrJlaOv3V4fDW-DTF4AaABDqgBzJnJlwI,UCSLj2L6Fa78dtxFbbUarM8Q,2024-11-08T06:06:20.612496+00:00,0,3NSFG-AvPtY,"{""text"":""ğŸ›¢ï¸ğŸ›¢ï¸ğŸ›¢ï¸ğŸ›¢ï¸ğŸ›¢ï¸ğŸ‡ºğŸ‡²ğŸ‡ºğŸ‡²ğŸ‡ºğŸ‡²ğŸ‡ºğŸ‡²ğŸ‡ºğŸ‡²ğŸ‡ºğŸ‡²ğŸ¦…ğŸ¦…ğŸ¦…ğŸ¦…ğŸ¦…ğŸ¦…""}"
Ugxq4lCM6SXhmgKg6pR4AaABDqgB9drKkwI,UCSLj2L6Fa78dtxFbbUarM8Q,2024-11-08T06:06:14.156721+00:00,0,3NSFG-AvPtY,"{""text"":""ğŸ‡ºğŸ‡²ğŸ‡ºğŸ‡²ğŸ‡ºğŸ‡²ğŸ‡ºğŸ‡²ğŸ‡ºğŸ‡²ğŸ‡ºğŸ‡²""}"
Ugy-PX0xHYT8S-9MVGx4AaABDqgBzvf7nQI,UCSLj2L6Fa78dtxFbbUarM8Q,2024-11-08T06:06:10.189932+00:00,0,3NSFG-AvPtY,"{""text"":""ğŸ‡ºğŸ‡²ğŸ‡ºğŸ‡²ğŸ‡ºğŸ‡²ğŸ‡ºğŸ‡²ğŸ‡ºğŸ‡²ğŸ‡ºğŸ‡²""}"
UgzR77Q_t5MPRXqvc0N4AaABDqgBt6W-jQI,UCSLj2L6Fa78dtxFbbUarM8Q,2024-11-08T06:06:01.227892+00:00,0,3NSFG-AvPtY,"{""text"":""ğŸ‡ºğŸ‡²ğŸ‡ºğŸ‡²ğŸ‡ºğŸ‡²ğŸ‡ºğŸ‡²ğŸ‡ºğŸ‡²ğŸ‡ºğŸ‡²ğŸ‡ºğŸ‡²ğŸ‡ºğŸ‡²ğŸ‡ºğŸ‡²""}"
UgzHLVnVkMfUry_Dy4B4AaABDqgBzNGCmgI,UCSLj2L6Fa78dtxFbbUarM8Q,2024-11-08T06:05:56.072011+00:00,0,3NSFG-AvPtY,"{""text"":""ğŸ‡ºğŸ‡²ğŸ‡ºğŸ‡²ğŸ‡ºğŸ‡²ğŸ‡ºğŸ‡²ğŸ‡ºğŸ‡²ğŸ‡ºğŸ‡²ğŸ‡ºğŸ‡²ğŸ‡ºğŸ‡²ğŸ‡ºğŸ‡²""}"
UgzsrOFjNOupUeYqSfB4AaABDqgBiabahQI,UCSLj2L6Fa78dtxFbbUarM8Q,2024-11-08T06:05:22.474557+00:00,0,3NSFG-AvPtY,"{""text"":""TRUMP AUTHORITARIAN GOVERNMENT""}"
Ugx0igX4JsOUviUvovV4AaABDqgB8-iOkwI,UCSLj2L6Fa78dtxFbbUarM8Q,2024-11-08T06:04:53.777221+00:00,0,3NSFG-AvPtY,"{""text"":""The power is going be centralized""}"
UgykBO8O1OBZbxjBaBx4AaABDqgBtrKahgI,UCSLj2L6Fa78dtxFbbUarM8Q,2024-11-08T06:04:27.819163+00:00,0,3NSFG-AvPtY,"{""text"":""so basically Trump is going full Authoritarian mode""}"
UgwvuaHGwLn9QZY_bUx4AaABDqgBsojcmgI,UCSLj2L6Fa78dtxFbbUarM8Q,2024-11-08T06:03:46.799637+00:00,0,3NSFG-AvPtY,"{""text"":""AMERICA ğŸ¦…ğŸ¦…ğŸ¦…ğŸ¦…ğŸ›¢ï¸ğŸ›¢ï¸ğŸ›¢ï¸ğŸ›¢ï¸ğŸ‡ºğŸ‡²ğŸ‡ºğŸ‡²ğŸ‡ºğŸ‡²ğŸ‡ºğŸ‡²ğŸ‡ºğŸ‡²ğŸ¦…ğŸ¦…ğŸ¦…ğŸ¦…ğŸ¦…""}"





