Channel ID,Channel URL,Channel title
UC1DCedRgGHBdm81E1llLhOQ,http://www.youtube.com/channel/UC1DCedRgGHBdm81E1llLhOQ,Pekora Ch. 兎田ぺこら
UC415bOPUcGSamy543abLmRA,http://www.youtube.com/channel/UC415bOPUcGSamy543abLmRA,Cleo Abram
UC91V6D3nkhP89wUb9f_h17g,http://www.youtube.com/channel/UC91V6D3nkhP89wUb9f_h17g,MeatCanyon
UCC9EjyMN_hx5NdctLBx5X7w,http://www.youtube.com/channel/UCC9EjyMN_hx5NdctLBx5X7w,Scammer Payback
UCGt7X90Au6BV8rf49BiM6Dg,http://www.youtube.com/channel/UCGt7X90Au6BV8rf49BiM6Dg,Ray William Johnson
UCGwRMUypKKXIHrjVS52QpBA,http://www.youtube.com/channel/UCGwRMUypKKXIHrjVS52QpBA,China Insider with David Zhang
UCKmmERguliWTynG9OIoDhDw,http://www.youtube.com/channel/UCKmmERguliWTynG9OIoDhDw,Law By Mike
UCMiJRAwDNSNzuYeN2uWa0pA,http://www.youtube.com/channel/UCMiJRAwDNSNzuYeN2uWa0pA,Mrwhosetheboss
UCMwGHR0BTZuLsmjY_NT5Pwg,http://www.youtube.com/channel/UCMwGHR0BTZuLsmjY_NT5Pwg,Ninomae Ina'nis Ch. hololive-EN
UCUAZOAAO7KVSGyaBARERh9g,http://www.youtube.com/channel/UCUAZOAAO7KVSGyaBARERh9g,It's free sauce
UCWQtYtq9EOB4-I5P-3fh8lA,http://www.youtube.com/channel/UCWQtYtq9EOB4-I5P-3fh8lA,Kanade Ch. 音乃瀬奏 ‐ ReGLOSS
UCXuqSBlHAE6Xw-yeJA0Tunw,http://www.youtube.com/channel/UCXuqSBlHAE6Xw-yeJA0Tunw,Linus Tech Tips
UCbLq9tsbo8peV22VxbDAfXA,http://www.youtube.com/channel/UCbLq9tsbo8peV22VxbDAfXA,GSMArena Official
UCfYHdvO_JPnWFHTylY_uKUA,http://www.youtube.com/channel/UCfYHdvO_JPnWFHTylY_uKUA,TastyFPS
UCfpCQ89W9wjkHc8J_6eTbBg,http://www.youtube.com/channel/UCfpCQ89W9wjkHc8J_6eTbBg,Outdoor Boys
UCoLdERT4-TJ82PJOHSrsZLQ,http://www.youtube.com/channel/UCoLdERT4-TJ82PJOHSrsZLQ,Spaceflight Now
UCwy00vD3vF_q61Ke7OiR-2w,http://www.youtube.com/channel/UCwy00vD3vF_q61Ke7OiR-2w,RAMUS





